/*******************************************************************************
 * Size: 32 px
 * Bpp: 4
 * Opts: --font main/fonts/src/SairaSemiCondensed-Bold.ttf --size 32 --bpp 4 --format lvgl --range 0x20-0x7E --no-compress --force-fast-kern-format --lv-include lvgl.h -o main/fonts/font_wide_32.c
 ******************************************************************************/

#ifdef LV_LVGL_H_INCLUDE_SIMPLE
#include "lvgl.h"
#else
#include "lvgl.h"
#endif

#ifndef FONT_WIDE_32
#define FONT_WIDE_32 1
#endif

#if FONT_WIDE_32

/*-----------------
 *    BITMAPS
 *----------------*/

/*Store the image of the glyphs*/
static LV_ATTRIBUTE_LARGE_CONST const uint8_t glyph_bitmap[] = {
    /* U+0020 " " */

    /* U+0021 "!" */
    0xdf, 0xff, 0xf9, 0xdf, 0xff, 0xf9, 0xdf, 0xff,
    0xf9, 0xcf, 0xff, 0xf8, 0xbf, 0xff, 0xf7, 0xaf,
    0xff, 0xf6, 0x9f, 0xff, 0xf4, 0x7f, 0xff, 0xf3,
    0x6f, 0xff, 0xf2, 0x5f, 0xff, 0xf1, 0x3f, 0xff,
    0xf0, 0x2f, 0xff, 0xe0, 0xf, 0xff, 0xc0, 0xf,
    0xff, 0xb0, 0xd, 0xff, 0x90, 0x2, 0x33, 0x10,
    0x0, 0x0, 0x0, 0x0, 0x0, 0x0, 0x58, 0x88,
    0x83, 0x9f, 0xff, 0xf6, 0x9f, 0xff, 0xf6, 0x9f,
    0xff, 0xf6, 0x9f, 0xff, 0xf6,

    /* U+0022 "\"" */
    0x2f, 0xff, 0xf0, 0x5f, 0xff, 0xe2, 0xff, 0xff,
    0x4, 0xff, 0xfe, 0x2f, 0xff, 0xf0, 0x4f, 0xff,
    0xd0, 0xff, 0xfe, 0x3, 0xff, 0xfc, 0xf, 0xff,
    0xd0, 0x2f, 0xff, 0xb0, 0xef, 0xfc, 0x0, 0xff,
    0xf9, 0xd, 0xff, 0xa0, 0xf, 0xff, 0x80, 0xcf,
    0xf9, 0x0, 0xef, 0xf7, 0x5, 0x88, 0x40, 0x6,
    0x88, 0x30,

    /* U+0023 "#" */
    0x0, 0x0, 0x0, 0xff, 0xf2, 0x0, 0x2f, 0xff,
    0x0, 0x0, 0x0, 0x3, 0xff, 0xf0, 0x0, 0x5f,
    0xfd, 0x0, 0x0, 0x0, 0x6, 0xff, 0xd0, 0x0,
    0x8f, 0xfa, 0x0, 0x0, 0x0, 0x9, 0xff, 0xa0,
    0x0, 0xbf, 0xf7, 0x0, 0x0, 0x0, 0xb, 0xff,
    0x70, 0x0, 0xef, 0xf4, 0x0, 0x0, 0x0, 0xe,
    0xff, 0x40, 0x1, 0xff, 0xf1, 0x0, 0x7, 0xff,
    0xff, 0xff, 0xff, 0xff, 0xff, 0xff, 0xfa, 0x7,
    0xff, 0xff, 0xff, 0xff, 0xff, 0xff, 0xff, 0xfa,
    0x7, 0xff, 0xff, 0xff, 0xff, 0xff, 0xff, 0xff,
    0xfa, 0x0, 0x22, 0xaf, 0xf9, 0x22, 0x2d, 0xff,
    0x72, 0x21, 0x0, 0x0, 0xcf, 0xf6, 0x0, 0xf,
    0xff, 0x30, 0x0, 0x0, 0x0, 0xff, 0xf3, 0x0,
    0x2f, 0xff, 0x0, 0x0, 0x0, 0x2, 0xff, 0xf1,
    0x0, 0x5f, 0xfe, 0x0, 0x0, 0x0, 0x4, 0xff,
    0xe0, 0x0, 0x7f, 0xfb, 0x0, 0x0, 0x7f, 0xff,
    0xff, 0xff, 0xff, 0xff, 0xff, 0xff, 0xa0, 0x7f,
    0xff, 0xff, 0xff, 0xff, 0xff, 0xff, 0xff, 0xa0,
    0x7f, 0xff, 0xff, 0xff, 0xff, 0xff, 0xff, 0xff,
    0xa0, 0x1, 0x2f, 0xff, 0x31, 0x14, 0xff, 0xf1,
    0x11, 0x10, 0x0, 0x3f, 0xff, 0x0, 0x6, 0xff,
    0xc0, 0x0, 0x0, 0x0, 0x6f, 0xfd, 0x0, 0x8,
    0xff, 0xa0, 0x0, 0x0, 0x0, 0x8f, 0xfa, 0x0,
    0xb, 0xff, 0x70, 0x0, 0x0, 0x0, 0xbf, 0xf7,
    0x0, 0xe, 0xff, 0x40, 0x0, 0x0, 0x0, 0xef,
    0xf4, 0x0, 0x1f, 0xff, 0x10, 0x0, 0x0,

    /* U+0024 "$" */
    0x0, 0x0, 0xf, 0xff, 0x60, 0x0, 0x0, 0x0,
    0x0, 0xff, 0xf6, 0x0, 0x0, 0x0, 0x7, 0xbf,
    0xff, 0xdb, 0x96, 0x0, 0x3e, 0xff, 0xff, 0xff,
    0xff, 0xe0, 0xd, 0xff, 0xff, 0xff, 0xff, 0xfe,
    0x4, 0xff, 0xff, 0xff, 0xff, 0xff, 0xe0, 0x7f,
    0xff, 0xf5, 0x0, 0x1, 0x23, 0x8, 0xff, 0xff,
    0x0, 0x0, 0x0, 0x0, 0x7f, 0xff, 0xf2, 0x0,
    0x0, 0x0, 0x6, 0xff, 0xff, 0xfd, 0xb9, 0x62,
    0x0, 0x4f, 0xff, 0xff, 0xff, 0xff, 0xf8, 0x0,
    0xdf, 0xff, 0xff, 0xff, 0xff, 0xf3, 0x2, 0xcf,
    0xff, 0xff, 0xff, 0xff, 0x80, 0x0, 0x25, 0x8b,
    0xef, 0xff, 0xfa, 0x0, 0x0, 0x0, 0x0, 0xdf,
    0xff, 0xb0, 0x0, 0x0, 0x0, 0xc, 0xff, 0xfb,
    0x3, 0x21, 0x0, 0x3, 0xff, 0xff, 0xa1, 0xff,
    0xff, 0xff, 0xff, 0xff, 0xf7, 0x1f, 0xff, 0xff,
    0xff, 0xff, 0xff, 0x21, 0xff, 0xff, 0xff, 0xff,
    0xff, 0x60, 0x7, 0x9b, 0xcf, 0xff, 0xd8, 0x20,
    0x0, 0x0, 0x0, 0xff, 0xf6, 0x0, 0x0, 0x0,
    0x0, 0xf, 0xff, 0x60, 0x0, 0x0,

    /* U+0025 "%" */
    0x2, 0xae, 0xff, 0xea, 0x10, 0x0, 0x0, 0x0,
    0x5f, 0xf9, 0x0, 0x0, 0xe, 0xff, 0xff, 0xff,
    0xd0, 0x0, 0x0, 0x0, 0xdf, 0xe1, 0x0, 0x0,
    0x4f, 0xfe, 0x66, 0xef, 0xf3, 0x0, 0x0, 0x7,
    0xff, 0x70, 0x0, 0x0, 0x6f, 0xf8, 0x0, 0x9f,
    0xf5, 0x0, 0x0, 0x1f, 0xfd, 0x0, 0x0, 0x0,
    0x7f, 0xf7, 0x0, 0x8f, 0xf6, 0x0, 0x0, 0x9f,
    0xf4, 0x0, 0x0, 0x0, 0x7f, 0xf7, 0x0, 0x8f,
    0xf6, 0x0, 0x2, 0xff, 0xb0, 0x0, 0x0, 0x0,
    0x7f, 0xf7, 0x0, 0x8f, 0xf6, 0x0, 0xb, 0xff,
    0x20, 0x0, 0x0, 0x0, 0x7f, 0xf7, 0x0, 0x8f,
    0xf6, 0x0, 0x4f, 0xf9, 0x0, 0x0, 0x0, 0x0,
    0x6f, 0xf8, 0x0, 0x9f, 0xf5, 0x0, 0xdf, 0xf1,
    0x0, 0x0, 0x0, 0x0, 0x5f, 0xfb, 0x0, 0xcf,
    0xf4, 0x6, 0xff, 0x70, 0x0, 0x0, 0x0, 0x0,
    0x1f, 0xff, 0xff, 0xff, 0xf0, 0x1e, 0xfd, 0x3,
    0xbe, 0xff, 0xd9, 0x0, 0x6, 0xff, 0xff, 0xff,
    0x50, 0x9f, 0xf5, 0x1f, 0xff, 0xff, 0xff, 0x90,
    0x0, 0x14, 0x55, 0x41, 0x2, 0xff, 0xc0, 0x6f,
    0xfc, 0x67, 0xff, 0xf0, 0x0, 0x0, 0x0, 0x0,
    0xb, 0xff, 0x30, 0x8f, 0xf6, 0x0, 0xcf, 0xf2,
    0x0, 0x0, 0x0, 0x0, 0x4f, 0xfa, 0x0, 0x9f,
    0xf5, 0x0, 0xbf, 0xf3, 0x0, 0x0, 0x0, 0x0,
    0xdf, 0xf1, 0x0, 0xaf, 0xf4, 0x0, 0xbf, 0xf4,
    0x0, 0x0, 0x0, 0x6, 0xff, 0x70, 0x0, 0xaf,
    0xf4, 0x0, 0xbf, 0xf4, 0x0, 0x0, 0x0, 0xe,
    0xfe, 0x0, 0x0, 0xaf, 0xf4, 0x0, 0xbf, 0xf4,
    0x0, 0x0, 0x0, 0x8f, 0xf5, 0x0, 0x0, 0xaf,
    0xf5, 0x0, 0xbf, 0xf3, 0x0, 0x0, 0x2, 0xff,
    0xc0, 0x0, 0x0, 0x8f, 0xf6, 0x0, 0xcf, 0xf2,
    0x0, 0x0, 0xa, 0xff, 0x30, 0x0, 0x0, 0x6f,
    0xfc, 0x67, 0xff, 0xf0, 0x0, 0x0, 0x3f, 0xfa,
    0x0, 0x0, 0x0, 0x1f, 0xff, 0xff, 0xff, 0xa0,
    0x0, 0x0, 0xcf, 0xf2, 0x0, 0x0, 0x0, 0x3,
    0xbe, 0xff, 0xd9, 0x0,

    /* U+0026 "&" */
    0x0, 0x2, 0x7b, 0xdf, 0xff, 0xfe, 0xca, 0x86,
    0x0, 0x0, 0x9, 0xff, 0xff, 0xff, 0xff, 0xff,
    0xff, 0xf0, 0x0, 0x8, 0xff, 0xff, 0xff, 0xff,
    0xff, 0xff, 0xff, 0x0, 0x0, 0xff, 0xff, 0xff,
    0xfe, 0xee, 0xef, 0xff, 0xf0, 0x0, 0x4f, 0xff,
    0xfe, 0x40, 0x0, 0x0, 0x0, 0x12, 0x0, 0x6,
    0xff, 0xff, 0x70, 0x0, 0x0, 0x0, 0x0, 0x0,
    0x0, 0x5f, 0xff, 0xf6, 0x0, 0x0, 0x0, 0x0,
    0x0, 0x0, 0x3, 0xff, 0xff, 0x60, 0x0, 0x0,
    0x0, 0x0, 0x0, 0x0, 0xe, 0xff, 0xfc, 0x0,
    0x0, 0x0, 0x0, 0x0, 0x0, 0x0, 0x5f, 0xff,
    0xff, 0xdd, 0x40, 0x7d, 0xdd, 0xdd, 0xdd, 0x0,
    0x3b, 0xff, 0xff, 0xf6, 0x9, 0xff, 0xff, 0xff,
    0xf0, 0x5, 0xcf, 0xff, 0xff, 0x60, 0x9f, 0xff,
    0xff, 0xff, 0x8, 0xff, 0xff, 0xff, 0xf6, 0x9,
    0xff, 0xff, 0xff, 0xf2, 0xff, 0xff, 0xc3, 0x0,
    0x0, 0x9f, 0xff, 0xf1, 0x0, 0x6f, 0xff, 0xf4,
    0x0, 0x0, 0x9, 0xff, 0xff, 0x10, 0x8, 0xff,
    0xff, 0x20, 0x0, 0x0, 0x9f, 0xff, 0xf1, 0x0,
    0x9f, 0xff, 0xf2, 0x0, 0x0, 0x9, 0xff, 0xff,
    0x10, 0x8, 0xff, 0xff, 0x50, 0x0, 0x0, 0x9f,
    0xff, 0xf1, 0x0, 0x6f, 0xff, 0xfd, 0x30, 0x0,
    0x9, 0xff, 0xff, 0x10, 0x1, 0xff, 0xff, 0xff,
    0xfe, 0xee, 0xff, 0xff, 0xf1, 0x0, 0xa, 0xff,
    0xff, 0xff, 0xff, 0xff, 0xff, 0xff, 0x10, 0x0,
    0x9, 0xff, 0xff, 0xff, 0xff, 0xff, 0xff, 0xf1,
    0x0, 0x0, 0x2, 0x8b, 0xdf, 0xff, 0xfe, 0xdb,
    0x96, 0x0, 0x0,

    /* U+0027 "'" */
    0x2f, 0xff, 0xf0, 0x2f, 0xff, 0xf0, 0x2f, 0xff,
    0xf0, 0xf, 0xff, 0xe0, 0xf, 0xff, 0xd0, 0xe,
    0xff, 0xc0, 0xd, 0xff, 0xa0, 0xc, 0xff, 0x90,
    0x5, 0x88, 0x40,

    /* U+0028 "(" */
    0x0, 0x0, 0x1e, 0xff, 0x50, 0x0, 0xc, 0xff,
    0xb0, 0x0, 0x8, 0xff, 0xf2, 0x0, 0x2, 0xff,
    0xfa, 0x0, 0x0, 0xaf, 0xff, 0x30, 0x0, 0x1f,
    0xff, 0xf0, 0x0, 0x6, 0xff, 0xfc, 0x0, 0x0,
    0xaf, 0xff, 0x90, 0x0, 0xd, 0xff, 0xf7, 0x0,
    0x0, 0xff, 0xff, 0x60, 0x0, 0xf, 0xff, 0xf5,
    0x0, 0x1, 0xff, 0xff, 0x40, 0x0, 0x2f, 0xff,
    0xf4, 0x0, 0x2, 0xff, 0xff, 0x30, 0x0, 0x2f,
    0xff, 0xf3, 0x0, 0x2, 0xff, 0xff, 0x30, 0x0,
    0x2f, 0xff, 0xf4, 0x0, 0x1, 0xff, 0xff, 0x40,
    0x0, 0xf, 0xff, 0xf5, 0x0, 0x0, 0xff, 0xff,
    0x50, 0x0, 0xd, 0xff, 0xf7, 0x0, 0x0, 0xbf,
    0xff, 0x80, 0x0, 0x7, 0xff, 0xfb, 0x0, 0x0,
    0x2f, 0xff, 0xe0, 0x0, 0x0, 0xcf, 0xff, 0x20,
    0x0, 0x4, 0xff, 0xf7, 0x0, 0x0, 0xa, 0xff,
    0xe0, 0x0, 0x0, 0xe, 0xff, 0x80, 0x0, 0x0,
    0x3f, 0xff, 0x20, 0x0, 0x0, 0x34, 0x42,

    /* U+0029 ")" */
    0x1f, 0xff, 0x50, 0x0, 0x0, 0x6f, 0xff, 0x20,
    0x0, 0x0, 0xdf, 0xfc, 0x0, 0x0, 0x5, 0xff,
    0xf7, 0x0, 0x0, 0xe, 0xff, 0xe0, 0x0, 0x0,
    0xaf, 0xff, 0x60, 0x0, 0x7, 0xff, 0xfb, 0x0,
    0x0, 0x5f, 0xff, 0xe0, 0x0, 0x3, 0xff, 0xff,
    0x20, 0x0, 0x1f, 0xff, 0xf4, 0x0, 0x0, 0xff,
    0xff, 0x50, 0x0, 0xf, 0xff, 0xf6, 0x0, 0x0,
    0xff, 0xff, 0x70, 0x0, 0xf, 0xff, 0xf7, 0x0,
    0x0, 0xff, 0xff, 0x70, 0x0, 0xf, 0xff, 0xf7,
    0x0, 0x0, 0xff, 0xff, 0x70, 0x0, 0xf, 0xff,
    0xf6, 0x0, 0x0, 0xff, 0xff, 0x50, 0x0, 0x1f,
    0xff, 0xf4, 0x0, 0x2, 0xff, 0xff, 0x20, 0x0,
    0x4f, 0xff, 0xf0, 0x0, 0x6, 0xff, 0xfb, 0x0,
    0x0, 0x9f, 0xff, 0x70, 0x0, 0xd, 0xff, 0xf1,
    0x0, 0x3, 0xff, 0xf9, 0x0, 0x0, 0xbf, 0xfe,
    0x0, 0x0, 0x3f, 0xff, 0x40, 0x0, 0xd, 0xff,
    0x80, 0x0, 0x1, 0x44, 0x40, 0x0, 0x0,

    /* U+002A "*" */
    0x0, 0x0, 0x5f, 0xf1, 0x0, 0x0, 0x1, 0x0,
    0x4f, 0xf0, 0x0, 0x0, 0xc, 0xb1, 0x2f, 0xf0,
    0x3d, 0x80, 0x5f, 0xfe, 0x6f, 0xd7, 0xff, 0xf2,
    0x18, 0xff, 0xff, 0xff, 0xfe, 0x60, 0x0, 0x19,
    0xff, 0xff, 0x60, 0x0, 0x1, 0x8f, 0xff, 0xff,
    0xe6, 0x0, 0x5f, 0xff, 0xcf, 0xed, 0xff, 0xe2,
    0x1f, 0xf6, 0x2f, 0xe0, 0x9f, 0xc0, 0x5, 0x20,
    0x3f, 0xf0, 0x5, 0x30, 0x0, 0x0, 0x5f, 0xf1,
    0x0, 0x0, 0x0, 0x0, 0x26, 0x60, 0x0, 0x0,

    /* U+002B "+" */
    0x0, 0x0, 0x58, 0x87, 0x0, 0x0, 0x0, 0x0,
    0xb, 0xff, 0xe0, 0x0, 0x0, 0x0, 0x0, 0xbf,
    0xfe, 0x0, 0x0, 0x0, 0x0, 0xb, 0xff, 0xe0,
    0x0, 0x0, 0x0, 0x0, 0xbf, 0xfe, 0x0, 0x0,
    0xf, 0xff, 0xff, 0xff, 0xff, 0xff, 0xf3, 0xff,
    0xff, 0xff, 0xff, 0xff, 0xff, 0x3f, 0xff, 0xff,
    0xff, 0xff, 0xff, 0xf3, 0xaa, 0xaa, 0xef, 0xff,
    0xaa, 0xaa, 0x20, 0x0, 0xb, 0xff, 0xe0, 0x0,
    0x0, 0x0, 0x0, 0xbf, 0xfe, 0x0, 0x0, 0x0,
    0x0, 0xb, 0xff, 0xe0, 0x0, 0x0, 0x0, 0x0,
    0xbf, 0xfe, 0x0, 0x0, 0x0,

    /* U+002C "," */
    0x18, 0x88, 0x87, 0x2f, 0xff, 0xfd, 0x2f, 0xff,
    0xfd, 0x2f, 0xff, 0xfd, 0x2f, 0xff, 0xfd, 0x0,
    0x5f, 0xfc, 0x0, 0x7f, 0xfb, 0x2, 0xcf, 0xf8,
    0x5f, 0xff, 0xf1, 0x5f, 0xea, 0x20,

    /* U+002D "-" */
    0x0, 0x0, 0x0, 0x0, 0x7, 0xff, 0xff, 0xff,
    0xf3, 0x7f, 0xff, 0xff, 0xff, 0x37, 0xff, 0xff,
    0xff, 0xf3, 0x7f, 0xff, 0xff, 0xff, 0x30,

    /* U+002E "." */
    0x18, 0x88, 0x87, 0x2f, 0xff, 0xfd, 0x2f, 0xff,
    0xfd, 0x2f, 0xff, 0xfd, 0x2f, 0xff, 0xfd,

    /* U+002F "/" */
    0x0, 0x0, 0x0, 0x5, 0xff, 0xfa, 0x0, 0x0,
    0x0, 0xa, 0xff, 0xf5, 0x0, 0x0, 0x0, 0xf,
    0xff, 0xf0, 0x0, 0x0, 0x0, 0x4f, 0xff, 0xb0,
    0x0, 0x0, 0x0, 0x9f, 0xff, 0x60, 0x0, 0x0,
    0x0, 0xdf, 0xff, 0x20, 0x0, 0x0, 0x2, 0xff,
    0xfd, 0x0, 0x0, 0x0, 0x7, 0xff, 0xf8, 0x0,
    0x0, 0x0, 0xc, 0xff, 0xf3, 0x0, 0x0, 0x0,
    0x1f, 0xff, 0xe0, 0x0, 0x0, 0x0, 0x5f, 0xff,
    0xa0, 0x0, 0x0, 0x0, 0xaf, 0xff, 0x50, 0x0,
    0x0, 0x0, 0xef, 0xff, 0x0, 0x0, 0x0, 0x3,
    0xff, 0xfb, 0x0, 0x0, 0x0, 0x8, 0xff, 0xf7,
    0x0, 0x0, 0x0, 0xd, 0xff, 0xf2, 0x0, 0x0,
    0x0, 0x2f, 0xff, 0xd0, 0x0, 0x0, 0x0, 0x7f,
    0xff, 0x80, 0x0, 0x0, 0x0, 0xbf, 0xff, 0x30,
    0x0, 0x0, 0x0, 0xff, 0xfe, 0x0, 0x0, 0x0,
    0x5, 0xff, 0xfa, 0x0, 0x0, 0x0, 0xa, 0xff,
    0xf5, 0x0, 0x0, 0x0, 0xe, 0xff, 0xf1, 0x0,
    0x0, 0x0, 0x3f, 0xff, 0xb0, 0x0, 0x0, 0x0,
    0x8f, 0xff, 0x70, 0x0, 0x0, 0x0, 0xdf, 0xff,
    0x20, 0x0, 0x0, 0x0,

    /* U+0030 "0" */
    0x0, 0x4, 0xad, 0xef, 0xff, 0xdb, 0x71, 0x0,
    0x0, 0xbf, 0xff, 0xff, 0xff, 0xff, 0xfe, 0x20,
    0x7, 0xff, 0xff, 0xff, 0xff, 0xff, 0xff, 0xd0,
    0xe, 0xff, 0xff, 0xff, 0xff, 0xff, 0xff, 0xf3,
    0x1f, 0xff, 0xff, 0x73, 0x35, 0xdf, 0xff, 0xf7,
    0x4f, 0xff, 0xfc, 0x0, 0x0, 0x6f, 0xff, 0xf9,
    0x5f, 0xff, 0xf9, 0x0, 0x0, 0x3f, 0xff, 0xfa,
    0x6f, 0xff, 0xf8, 0x0, 0x0, 0x3f, 0xff, 0xfb,
    0x7f, 0xff, 0xf7, 0x0, 0x0, 0x2f, 0xff, 0xfc,
    0x7f, 0xff, 0xf7, 0x0, 0x0, 0x2f, 0xff, 0xfc,
    0x7f, 0xff, 0xf7, 0x0, 0x0, 0x2f, 0xff, 0xfd,
    0x7f, 0xff, 0xf7, 0x0, 0x0, 0x2f, 0xff, 0xfd,
    0x7f, 0xff, 0xf7, 0x0, 0x0, 0x2f, 0xff, 0xfd,
    0x7f, 0xff, 0xf7, 0x0, 0x0, 0x2f, 0xff, 0xfc,
    0x7f, 0xff, 0xf7, 0x0, 0x0, 0x2f, 0xff, 0xfc,
    0x6f, 0xff, 0xf8, 0x0, 0x0, 0x3f, 0xff, 0xfb,
    0x5f, 0xff, 0xf9, 0x0, 0x0, 0x3f, 0xff, 0xfa,
    0x4f, 0xff, 0xfc, 0x0, 0x0, 0x6f, 0xff, 0xf9,
    0x1f, 0xff, 0xff, 0x73, 0x35, 0xdf, 0xff, 0xf7,
    0xe, 0xff, 0xff, 0xff, 0xff, 0xff, 0xff, 0xf3,
    0x7, 0xff, 0xff, 0xff, 0xff, 0xff, 0xff, 0xd0,
    0x0, 0xbf, 0xff, 0xff, 0xff, 0xff, 0xfe, 0x20,
    0x0, 0x5, 0xad, 0xef, 0xff, 0xdb, 0x71, 0x0,

    /* U+0031 "1" */
    0x0, 0x0, 0x5d, 0xff, 0xf3, 0x0, 0x4c, 0xff,
    0xff, 0xf3, 0x2b, 0xff, 0xff, 0xff, 0xf3, 0x7f,
    0xff, 0xff, 0xff, 0xf3, 0x7f, 0xff, 0xff, 0xff,
    0xf3, 0x7f, 0xfd, 0xef, 0xff, 0xf3, 0x7b, 0x40,
    0xcf, 0xff, 0xf3, 0x0, 0x0, 0xcf, 0xff, 0xf3,
    0x0, 0x0, 0xcf, 0xff, 0xf3, 0x0, 0x0, 0xcf,
    0xff, 0xf3, 0x0, 0x0, 0xcf, 0xff, 0xf3, 0x0,
    0x0, 0xcf, 0xff, 0xf3, 0x0, 0x0, 0xcf, 0xff,
    0xf3, 0x0, 0x0, 0xcf, 0xff, 0xf3, 0x0, 0x0,
    0xcf, 0xff, 0xf3, 0x0, 0x0, 0xcf, 0xff, 0xf3,
    0x0, 0x0, 0xcf, 0xff, 0xf3, 0x0, 0x0, 0xcf,
    0xff, 0xf3, 0x0, 0x0, 0xcf, 0xff, 0xf3, 0x0,
    0x0, 0xcf, 0xff, 0xf3, 0x0, 0x0, 0xcf, 0xff,
    0xf3, 0x0, 0x0, 0xcf, 0xff, 0xf3, 0x0, 0x0,
    0xcf, 0xff, 0xf3,

    /* U+0032 "2" */
    0x7, 0x9b, 0xde, 0xff, 0xfe, 0xb7, 0x0, 0x2,
    0xff, 0xff, 0xff, 0xff, 0xff, 0xfe, 0x20, 0x2f,
    0xff, 0xff, 0xff, 0xff, 0xff, 0xfd, 0x2, 0xff,
    0xff, 0xff, 0xff, 0xff, 0xff, 0xf3, 0x17, 0x64,
    0x33, 0x23, 0x6e, 0xff, 0xff, 0x70, 0x0, 0x0,
    0x0, 0x0, 0x8f, 0xff, 0xf9, 0x0, 0x0, 0x0,
    0x0, 0x6, 0xff, 0xff, 0x90, 0x0, 0x0, 0x0,
    0x0, 0x7f, 0xff, 0xf8, 0x0, 0x0, 0x0, 0x0,
    0xd, 0xff, 0xff, 0x70, 0x0, 0x0, 0x0, 0x6e,
    0xff, 0xff, 0xf4, 0x0, 0x0, 0x6, 0xef, 0xff,
    0xff, 0xfd, 0x0, 0x0, 0x7e, 0xff, 0xff, 0xff,
    0xff, 0x30, 0x1, 0xdf, 0xff, 0xff, 0xff, 0xfc,
    0x20, 0x0, 0xbf, 0xff, 0xff, 0xff, 0xb4, 0x0,
    0x0, 0x2f, 0xff, 0xff, 0xfa, 0x30, 0x0, 0x0,
    0x5, 0xff, 0xff, 0xd2, 0x0, 0x0, 0x0, 0x0,
    0x7f, 0xff, 0xf6, 0x0, 0x0, 0x0, 0x0, 0x7,
    0xff, 0xff, 0x40, 0x0, 0x0, 0x0, 0x0, 0x8f,
    0xff, 0xf7, 0x33, 0x33, 0x33, 0x33, 0x18, 0xff,
    0xff, 0xff, 0xff, 0xff, 0xff, 0xf9, 0x8f, 0xff,
    0xff, 0xff, 0xff, 0xff, 0xff, 0x98, 0xff, 0xff,
    0xff, 0xff, 0xff, 0xff, 0xf9, 0x8f, 0xff, 0xff,
    0xff, 0xff, 0xff, 0xff, 0x90,

    /* U+0033 "3" */
    0x49, 0xbd, 0xef, 0xff, 0xec, 0x82, 0x0, 0xb,
    0xff, 0xff, 0xff, 0xff, 0xff, 0xf8, 0x0, 0xbf,
    0xff, 0xff, 0xff, 0xff, 0xff, 0xf5, 0xb, 0xff,
    0xff, 0xff, 0xff, 0xff, 0xff, 0xc0, 0x56, 0x43,
    0x32, 0x34, 0xaf, 0xff, 0xff, 0x0, 0x0, 0x0,
    0x0, 0x0, 0xff, 0xff, 0xf1, 0x0, 0x0, 0x0,
    0x0, 0xe, 0xff, 0xff, 0x10, 0x0, 0x0, 0x0,
    0x0, 0xff, 0xff, 0xf0, 0x0, 0x0, 0x0, 0x0,
    0x7f, 0xff, 0xfa, 0x0, 0x0, 0xbf, 0xff, 0xff,
    0xff, 0xfe, 0x20, 0x0, 0xb, 0xff, 0xff, 0xff,
    0xf9, 0x10, 0x0, 0x0, 0xbf, 0xff, 0xff, 0xff,
    0xb3, 0x0, 0x0, 0xb, 0xff, 0xff, 0xff, 0xff,
    0xf4, 0x0, 0x0, 0x11, 0x11, 0x28, 0xff, 0xff,
    0xd0, 0x0, 0x0, 0x0, 0x0, 0xd, 0xff, 0xff,
    0x20, 0x0, 0x0, 0x0, 0x0, 0xbf, 0xff, 0xf4,
    0x0, 0x0, 0x0, 0x0, 0xb, 0xff, 0xff, 0x40,
    0x0, 0x0, 0x0, 0x0, 0xdf, 0xff, 0xf3, 0x66,
    0x53, 0x32, 0x34, 0x9f, 0xff, 0xff, 0x2c, 0xff,
    0xff, 0xff, 0xff, 0xff, 0xff, 0xd0, 0xcf, 0xff,
    0xff, 0xff, 0xff, 0xff, 0xf7, 0xc, 0xff, 0xff,
    0xff, 0xff, 0xff, 0xf8, 0x0, 0x59, 0xbd, 0xef,
    0xff, 0xec, 0x82, 0x0, 0x0,

    /* U+0034 "4" */
    0x0, 0x0, 0x0, 0x3f, 0xff, 0xff, 0x10, 0x0,
    0x0, 0x0, 0x0, 0x0, 0xaf, 0xff, 0xf9, 0x0,
    0x0, 0x0, 0x0, 0x0, 0x1, 0xff, 0xff, 0xf2,
    0x0, 0x0, 0x0, 0x0, 0x0, 0x8, 0xff, 0xff,
    0xb0, 0x0, 0x0, 0x0, 0x0, 0x0, 0xe, 0xff,
    0xff, 0x40, 0x0, 0x0, 0x0, 0x0, 0x0, 0x5f,
    0xff, 0xfd, 0x0, 0x0, 0x0, 0x0, 0x0, 0x0,
    0xcf, 0xff, 0xf5, 0x0, 0x0, 0x0, 0x0, 0x0,
    0x2, 0xff, 0xff, 0xe0, 0x0, 0x0, 0x0, 0x0,
    0x0, 0x9, 0xff, 0xff, 0x70, 0x6, 0xbb, 0x90,
    0x0, 0x0, 0x1f, 0xff, 0xff, 0x10, 0xd, 0xff,
    0xe0, 0x0, 0x0, 0x7f, 0xff, 0xf9, 0x0, 0x1f,
    0xff, 0xe0, 0x0, 0x0, 0xdf, 0xff, 0xf2, 0x0,
    0x5f, 0xff, 0xe0, 0x0, 0x4, 0xff, 0xff, 0xa0,
    0x0, 0x9f, 0xff, 0xe0, 0x0, 0xb, 0xff, 0xff,
    0x30, 0x0, 0xcf, 0xff, 0xe0, 0x0, 0x1f, 0xff,
    0xff, 0xff, 0xff, 0xff, 0xff, 0xff, 0xf4, 0x1f,
    0xff, 0xff, 0xff, 0xff, 0xff, 0xff, 0xff, 0xf4,
    0x1f, 0xff, 0xff, 0xff, 0xff, 0xff, 0xff, 0xff,
    0xf4, 0x1f, 0xff, 0xff, 0xff, 0xff, 0xff, 0xff,
    0xff, 0xf4, 0x2, 0x22, 0x22, 0x22, 0x22, 0xff,
    0xff, 0xe2, 0x20, 0x0, 0x0, 0x0, 0x0, 0x0,
    0xff, 0xff, 0xe0, 0x0, 0x0, 0x0, 0x0, 0x0,
    0x0, 0xff, 0xff, 0xe0, 0x0, 0x0, 0x0, 0x0,
    0x0, 0x0, 0xff, 0xff, 0xe0, 0x0, 0x0, 0x0,
    0x0, 0x0, 0x0, 0xff, 0xff, 0xe0, 0x0,

    /* U+0035 "5" */
    0xe, 0xff, 0xff, 0xff, 0xff, 0xff, 0xfa, 0x0,
    0xef, 0xff, 0xff, 0xff, 0xff, 0xff, 0xa0, 0xe,
    0xff, 0xff, 0xff, 0xff, 0xff, 0xfa, 0x0, 0xef,
    0xff, 0xff, 0xff, 0xff, 0xff, 0xa0, 0xe, 0xff,
    0xfa, 0x33, 0x33, 0x33, 0x32, 0x0, 0xef, 0xff,
    0x80, 0x0, 0x0, 0x0, 0x0, 0xe, 0xff, 0xf8,
    0x0, 0x0, 0x0, 0x0, 0x0, 0xef, 0xff, 0x80,
    0x0, 0x0, 0x0, 0x0, 0xe, 0xff, 0xf8, 0x1,
    0x11, 0x0, 0x0, 0x0, 0xef, 0xff, 0xff, 0xff,
    0xff, 0xc5, 0x0, 0xe, 0xff, 0xff, 0xff, 0xff,
    0xff, 0xf9, 0x0, 0xef, 0xff, 0xff, 0xff, 0xff,
    0xff, 0xf4, 0xe, 0xff, 0xff, 0xff, 0xff, 0xff,
    0xff, 0x90, 0x42, 0x10, 0x0, 0x3, 0xbf, 0xff,
    0xfd, 0x0, 0x0, 0x0, 0x0, 0x3, 0xff, 0xff,
    0xe0, 0x0, 0x0, 0x0, 0x0, 0xf, 0xff, 0xff,
    0x0, 0x0, 0x0, 0x0, 0x1, 0xff, 0xff, 0xe0,
    0x0, 0x0, 0x0, 0x0, 0x3f, 0xff, 0xfd, 0x6,
    0x54, 0x33, 0x23, 0x5d, 0xff, 0xff, 0xb1, 0xff,
    0xff, 0xff, 0xff, 0xff, 0xff, 0xf7, 0x1f, 0xff,
    0xff, 0xff, 0xff, 0xff, 0xfe, 0x11, 0xff, 0xff,
    0xff, 0xff, 0xff, 0xfe, 0x30, 0x7, 0xac, 0xdf,
    0xff, 0xfd, 0xb6, 0x0, 0x0,

    /* U+0036 "6" */
    0x0, 0x0, 0x5a, 0xdf, 0xff, 0xed, 0xb8, 0x50,
    0x0, 0x2d, 0xff, 0xff, 0xff, 0xff, 0xff, 0xf0,
    0x0, 0xdf, 0xff, 0xff, 0xff, 0xff, 0xff, 0xf0,
    0x7, 0xff, 0xff, 0xff, 0xff, 0xff, 0xff, 0xf0,
    0xc, 0xff, 0xff, 0xe6, 0x32, 0x33, 0x56, 0x80,
    0xf, 0xff, 0xff, 0x20, 0x0, 0x0, 0x0, 0x0,
    0x3f, 0xff, 0xfb, 0x0, 0x0, 0x0, 0x0, 0x0,
    0x5f, 0xff, 0xf9, 0x0, 0x0, 0x0, 0x0, 0x0,
    0x6f, 0xff, 0xf8, 0x0, 0x1, 0x10, 0x0, 0x0,
    0x7f, 0xff, 0xf8, 0x4c, 0xff, 0xff, 0xd8, 0x0,
    0x7f, 0xff, 0xfd, 0xff, 0xff, 0xff, 0xff, 0xc0,
    0x7f, 0xff, 0xff, 0xff, 0xff, 0xff, 0xff, 0xf6,
    0x7f, 0xff, 0xff, 0xff, 0xff, 0xff, 0xff, 0xfa,
    0x7f, 0xff, 0xfe, 0x40, 0x1, 0x7f, 0xff, 0xfd,
    0x6f, 0xff, 0xfa, 0x0, 0x0, 0xf, 0xff, 0xfe,
    0x5f, 0xff, 0xf9, 0x0, 0x0, 0xd, 0xff, 0xff,
    0x4f, 0xff, 0xf9, 0x0, 0x0, 0xd, 0xff, 0xfe,
    0x2f, 0xff, 0xfb, 0x0, 0x0, 0xf, 0xff, 0xfd,
    0xf, 0xff, 0xff, 0x62, 0x12, 0x8f, 0xff, 0xfb,
    0xa, 0xff, 0xff, 0xff, 0xff, 0xff, 0xff, 0xf7,
    0x3, 0xff, 0xff, 0xff, 0xff, 0xff, 0xff, 0xe1,
    0x0, 0x6f, 0xff, 0xff, 0xff, 0xff, 0xfe, 0x40,
    0x0, 0x2, 0x9c, 0xef, 0xff, 0xec, 0x81, 0x0,

    /* U+0037 "7" */
    0x1f, 0xff, 0xff, 0xff, 0xff, 0xff, 0xff, 0xf1,
    0x1f, 0xff, 0xff, 0xff, 0xff, 0xff, 0xff, 0xf1,
    0x1f, 0xff, 0xff, 0xff, 0xff, 0xff, 0xff, 0xf1,
    0x1f, 0xff, 0xff, 0xff, 0xff, 0xff, 0xff, 0xf1,
    0x3, 0x33, 0x33, 0x33, 0x36, 0xff, 0xff, 0xd0,
    0x0, 0x0, 0x0, 0x0, 0xa, 0xff, 0xff, 0x70,
    0x0, 0x0, 0x0, 0x0, 0xf, 0xff, 0xff, 0x10,
    0x0, 0x0, 0x0, 0x0, 0x6f, 0xff, 0xfc, 0x0,
    0x0, 0x0, 0x0, 0x0, 0xcf, 0xff, 0xf6, 0x0,
    0x0, 0x0, 0x0, 0x2, 0xff, 0xff, 0xf0, 0x0,
    0x0, 0x0, 0x0, 0x8, 0xff, 0xff, 0xa0, 0x0,
    0x0, 0x0, 0x0, 0xe, 0xff, 0xff, 0x40, 0x0,
    0x0, 0x0, 0x0, 0x4f, 0xff, 0xfe, 0x0, 0x0,
    0x0, 0x0, 0x0, 0xbf, 0xff, 0xf8, 0x0, 0x0,
    0x0, 0x0, 0x1, 0xff, 0xff, 0xf3, 0x0, 0x0,
    0x0, 0x0, 0x7, 0xff, 0xff, 0xd0, 0x0, 0x0,
    0x0, 0x0, 0xd, 0xff, 0xff, 0x70, 0x0, 0x0,
    0x0, 0x0, 0x3f, 0xff, 0xff, 0x10, 0x0, 0x0,
    0x0, 0x0, 0x9f, 0xff, 0xfb, 0x0, 0x0, 0x0,
    0x0, 0x0, 0xff, 0xff, 0xf5, 0x0, 0x0, 0x0,
    0x0, 0x5, 0xff, 0xff, 0xf0, 0x0, 0x0, 0x0,
    0x0, 0xb, 0xff, 0xff, 0xa0, 0x0, 0x0, 0x0,
    0x0, 0x2f, 0xff, 0xff, 0x40, 0x0, 0x0, 0x0,

    /* U+0038 "8" */
    0x0, 0x3, 0x9c, 0xef, 0xff, 0xec, 0x82, 0x0,
    0x0, 0xa, 0xff, 0xff, 0xff, 0xff, 0xff, 0xf8,
    0x0, 0x9, 0xff, 0xff, 0xff, 0xff, 0xff, 0xff,
    0xf6, 0x0, 0xff, 0xff, 0xff, 0xff, 0xff, 0xff,
    0xff, 0xd0, 0x3f, 0xff, 0xff, 0x41, 0x1, 0x6f,
    0xff, 0xff, 0x5, 0xff, 0xff, 0xb0, 0x0, 0x0,
    0xef, 0xff, 0xf2, 0x4f, 0xff, 0xfa, 0x0, 0x0,
    0xd, 0xff, 0xff, 0x13, 0xff, 0xff, 0xa0, 0x0,
    0x0, 0xdf, 0xff, 0xf0, 0xe, 0xff, 0xfe, 0x10,
    0x0, 0x2f, 0xff, 0xfb, 0x0, 0x5f, 0xff, 0xff,
    0xdc, 0xdf, 0xff, 0xfe, 0x20, 0x0, 0x4b, 0xff,
    0xff, 0xff, 0xff, 0xfa, 0x20, 0x0, 0x4, 0xbf,
    0xff, 0xff, 0xff, 0xff, 0xb3, 0x0, 0x6, 0xff,
    0xff, 0xff, 0xff, 0xff, 0xff, 0xf5, 0x1, 0xff,
    0xff, 0xf4, 0x0, 0x16, 0xff, 0xff, 0xd0, 0x5f,
    0xff, 0xf9, 0x0, 0x0, 0xc, 0xff, 0xff, 0x27,
    0xff, 0xff, 0x70, 0x0, 0x0, 0xaf, 0xff, 0xf4,
    0x8f, 0xff, 0xf7, 0x0, 0x0, 0xa, 0xff, 0xff,
    0x57, 0xff, 0xff, 0x90, 0x0, 0x0, 0xcf, 0xff,
    0xf4, 0x5f, 0xff, 0xff, 0x41, 0x1, 0x6f, 0xff,
    0xff, 0x21, 0xff, 0xff, 0xff, 0xff, 0xff, 0xff,
    0xff, 0xe0, 0xa, 0xff, 0xff, 0xff, 0xff, 0xff,
    0xff, 0xf7, 0x0, 0xb, 0xff, 0xff, 0xff, 0xff,
    0xff, 0xf8, 0x0, 0x0, 0x4, 0x9c, 0xef, 0xff,
    0xec, 0x82, 0x0, 0x0,

    /* U+0039 "9" */
    0x0, 0x6, 0xad, 0xff, 0xff, 0xdb, 0x60, 0x0,
    0x1, 0xcf, 0xff, 0xff, 0xff, 0xff, 0xfc, 0x0,
    0xa, 0xff, 0xff, 0xff, 0xff, 0xff, 0xff, 0x90,
    0x2f, 0xff, 0xff, 0xff, 0xff, 0xff, 0xff, 0xf1,
    0x6f, 0xff, 0xfc, 0x32, 0x24, 0xdf, 0xff, 0xf5,
    0x8f, 0xff, 0xf4, 0x0, 0x0, 0x6f, 0xff, 0xf8,
    0x9f, 0xff, 0xf3, 0x0, 0x0, 0x4f, 0xff, 0xfa,
    0x9f, 0xff, 0xf3, 0x0, 0x0, 0x3f, 0xff, 0xfb,
    0x9f, 0xff, 0xf4, 0x0, 0x0, 0x4f, 0xff, 0xfc,
    0x8f, 0xff, 0xfb, 0x10, 0x2, 0xbf, 0xff, 0xfc,
    0x5f, 0xff, 0xff, 0xff, 0xff, 0xff, 0xff, 0xfd,
    0x1f, 0xff, 0xff, 0xff, 0xff, 0xff, 0xff, 0xfd,
    0x7, 0xff, 0xff, 0xff, 0xff, 0xcf, 0xff, 0xfc,
    0x0, 0x5c, 0xff, 0xff, 0xd7, 0x3f, 0xff, 0xfc,
    0x0, 0x0, 0x1, 0x10, 0x0, 0x3f, 0xff, 0xfb,
    0x0, 0x0, 0x0, 0x0, 0x0, 0x4f, 0xff, 0xfa,
    0x0, 0x0, 0x0, 0x0, 0x0, 0x6f, 0xff, 0xf8,
    0x0, 0x0, 0x0, 0x0, 0x0, 0xcf, 0xff, 0xf6,
    0x5, 0x75, 0x43, 0x23, 0x5b, 0xff, 0xff, 0xf2,
    0x9, 0xff, 0xff, 0xff, 0xff, 0xff, 0xff, 0xc0,
    0x9, 0xff, 0xff, 0xff, 0xff, 0xff, 0xff, 0x30,
    0x9, 0xff, 0xff, 0xff, 0xff, 0xff, 0xf5, 0x0,
    0x3, 0x8a, 0xce, 0xff, 0xfe, 0xb7, 0x10, 0x0,

    /* U+003A ":" */
    0x2f, 0xff, 0xfd, 0x2f, 0xff, 0xfd, 0x2f, 0xff,
    0xfd, 0x2f, 0xff, 0xfd, 0x18, 0x88, 0x87, 0x0,
    0x0, 0x0, 0x0, 0x0, 0x0, 0x0, 0x0, 0x0,
    0x0, 0x0, 0x0, 0x0, 0x0, 0x0, 0x0, 0x0,
    0x0, 0x0, 0x0, 0x0, 0x18, 0x88, 0x87, 0x2f,
    0xff, 0xfd, 0x2f, 0xff, 0xfd, 0x2f, 0xff, 0xfd,
    0x2f, 0xff, 0xfd,

    /* U+003B ";" */
    0x2f, 0xff, 0xfd, 0x2f, 0xff, 0xfd, 0x2f, 0xff,
    0xfd, 0x2f, 0xff, 0xfd, 0x18, 0x88, 0x87, 0x0,
    0x0, 0x0, 0x0, 0x0, 0x0, 0x0, 0x0, 0x0,
    0x0, 0x0, 0x0, 0x0, 0x0, 0x0, 0x0, 0x0,
    0x0, 0x0, 0x0, 0x0, 0x18, 0x88, 0x87, 0x2f,
    0xff, 0xfd, 0x2f, 0xff, 0xfd, 0x2f, 0xff, 0xfd,
    0x2f, 0xff, 0xfd, 0x0, 0x5f, 0xfc, 0x0, 0x7f,
    0xfb, 0x2, 0xcf, 0xf8, 0x5f, 0xff, 0xf1, 0x5f,
    0xea, 0x20,

    /* U+003C "<" */
    0x0, 0x0, 0x0, 0x0, 0x0, 0x28, 0x20, 0x0,
    0x0, 0x0, 0x5, 0xcf, 0xf3, 0x0, 0x0, 0x3,
    0x9f, 0xff, 0xff, 0x30, 0x1, 0x7d, 0xff, 0xff,
    0xff, 0xf3, 0x4b, 0xff, 0xff, 0xff, 0xfd, 0x82,
    0xf, 0xff, 0xff, 0xfe, 0x93, 0x0, 0x0, 0xff,
    0xff, 0xd4, 0x0, 0x0, 0x0, 0xf, 0xff, 0xff,
    0xe8, 0x20, 0x0, 0x0, 0xbf, 0xff, 0xff, 0xff,
    0xd7, 0x20, 0x0, 0x17, 0xdf, 0xff, 0xff, 0xff,
    0xc2, 0x0, 0x0, 0x4a, 0xff, 0xff, 0xff, 0x30,
    0x0, 0x0, 0x0, 0x6c, 0xff, 0xf3, 0x0, 0x0,
    0x0, 0x0, 0x2, 0x8e, 0x30, 0x0, 0x0, 0x0,
    0x0, 0x0, 0x0,

    /* U+003D "=" */
    0xff, 0xff, 0xff, 0xff, 0xff, 0xff, 0x3f, 0xff,
    0xff, 0xff, 0xff, 0xff, 0xf3, 0xff, 0xff, 0xff,
    0xff, 0xff, 0xff, 0x3a, 0xbb, 0xbb, 0xbb, 0xbb,
    0xbb, 0xb2, 0x0, 0x0, 0x0, 0x0, 0x0, 0x0,
    0x0, 0x0, 0x0, 0x0, 0x0, 0x0, 0x0, 0xaa,
    0xaa, 0xaa, 0xaa, 0xaa, 0xaa, 0x2f, 0xff, 0xff,
    0xff, 0xff, 0xff, 0xf3, 0xff, 0xff, 0xff, 0xff,
    0xff, 0xff, 0x3f, 0xff, 0xff, 0xff, 0xff, 0xff,
    0xf3,

    /* U+003E ">" */
    0x93, 0x0, 0x0, 0x0, 0x0, 0x0, 0xf, 0xfd,
    0x71, 0x0, 0x0, 0x0, 0x0, 0xff, 0xff, 0xfb,
    0x50, 0x0, 0x0, 0xf, 0xff, 0xff, 0xff, 0xe8,
    0x20, 0x0, 0x16, 0xcf, 0xff, 0xff, 0xff, 0xc6,
    0x0, 0x0, 0x27, 0xdf, 0xff, 0xff, 0xf3, 0x0,
    0x0, 0x0, 0x3a, 0xff, 0xff, 0x30, 0x0, 0x1,
    0x6c, 0xff, 0xff, 0xf3, 0x0, 0x6b, 0xff, 0xff,
    0xff, 0xfd, 0x1a, 0xff, 0xff, 0xff, 0xfe, 0x93,
    0x0, 0xff, 0xff, 0xff, 0xb5, 0x0, 0x0, 0xf,
    0xff, 0xd7, 0x10, 0x0, 0x0, 0x0, 0xea, 0x40,
    0x0, 0x0, 0x0, 0x0, 0x0, 0x0, 0x0, 0x0,
    0x0, 0x0, 0x0,

    /* U+003F "?" */
    0x7a, 0xce, 0xff, 0xfd, 0xa4, 0x0, 0xf, 0xff,
    0xff, 0xff, 0xff, 0xfa, 0x0, 0xff, 0xff, 0xff,
    0xff, 0xff, 0xf6, 0xf, 0xff, 0xff, 0xff, 0xff,
    0xff, 0xc0, 0x54, 0x44, 0x45, 0xaf, 0xff, 0xff,
    0x0, 0x0, 0x0, 0x0, 0xff, 0xff, 0xf0, 0x0,
    0x0, 0x0, 0xe, 0xff, 0xff, 0x0, 0x0, 0x0,
    0x0, 0xff, 0xff, 0xf0, 0x0, 0x0, 0x1, 0xaf,
    0xff, 0xfc, 0x0, 0x0, 0x8, 0xff, 0xff, 0xff,
    0x50, 0x0, 0xb, 0xff, 0xff, 0xff, 0x70, 0x0,
    0x1, 0xff, 0xff, 0xfb, 0x30, 0x0, 0x0, 0x3f,
    0xff, 0xf5, 0x0, 0x0, 0x0, 0x3, 0xff, 0xff,
    0x0, 0x0, 0x0, 0x0, 0x3f, 0xff, 0xf0, 0x0,
    0x0, 0x0, 0x2, 0x99, 0x98, 0x0, 0x0, 0x0,
    0x0, 0x0, 0x0, 0x0, 0x0, 0x0, 0x0, 0x0,
    0x0, 0x0, 0x0, 0x0, 0x0, 0x0, 0x58, 0x88,
    0x83, 0x0, 0x0, 0x0, 0x9, 0xff, 0xff, 0x50,
    0x0, 0x0, 0x0, 0x9f, 0xff, 0xf5, 0x0, 0x0,
    0x0, 0x9, 0xff, 0xff, 0x50, 0x0, 0x0, 0x0,
    0x9f, 0xff, 0xf5, 0x0, 0x0, 0x0,

    /* U+0040 "@" */
    0x0, 0x2, 0x69, 0xcd, 0xef, 0xff, 0xff, 0xed,
    0xb8, 0x40, 0x0, 0x0, 0x9, 0xff, 0xff, 0xff,
    0xff, 0xff, 0xff, 0xff, 0xff, 0xd3, 0x0, 0x8,
    0xff, 0xa4, 0x10, 0x0, 0x0, 0x0, 0x1, 0x37,
    0xef, 0xe1, 0x1, 0xff, 0x50, 0x0, 0x0, 0x0,
    0x0, 0x0, 0x0, 0x1, 0xdf, 0x80, 0x5f, 0xc0,
    0x0, 0x0, 0x0, 0x0, 0x0, 0x0, 0x0, 0x4,
    0xfe, 0x8, 0xf7, 0x0, 0x0, 0x0, 0x0, 0x0,
    0x0, 0x0, 0x0, 0xf, 0xf0, 0xaf, 0x50, 0x0,
    0x6b, 0xde, 0xff, 0xfd, 0x81, 0x0, 0x0, 0xdf,
    0x2c, 0xf3, 0x0, 0xa, 0xff, 0xff, 0xff, 0xff,
    0xe1, 0x0, 0xc, 0xf4, 0xdf, 0x30, 0x0, 0xaf,
    0xff, 0xff, 0xff, 0xff, 0x80, 0x0, 0xbf, 0x5d,
    0xf2, 0x0, 0x4, 0x54, 0x44, 0x5b, 0xff, 0xfc,
    0x0, 0xa, 0xf6, 0xef, 0x20, 0x0, 0x0, 0x0,
    0x0, 0x2f, 0xff, 0xe0, 0x0, 0xaf, 0x6e, 0xf2,
    0x0, 0x0, 0x0, 0x0, 0x1, 0xff, 0xfe, 0x0,
    0xa, 0xf6, 0xef, 0x20, 0x0, 0x2b, 0xef, 0xff,
    0xff, 0xff, 0xe0, 0x0, 0xaf, 0x7e, 0xf2, 0x0,
    0xd, 0xff, 0xff, 0xff, 0xff, 0xff, 0x0, 0xa,
    0xf7, 0xef, 0x20, 0x2, 0xff, 0xfc, 0x44, 0x5f,
    0xff, 0xf0, 0x0, 0xaf, 0x6e, 0xf2, 0x0, 0x4f,
    0xff, 0x70, 0x1, 0xff, 0xff, 0x0, 0xa, 0xf6,
    0xdf, 0x20, 0x5, 0xff, 0xf7, 0x0, 0x2f, 0xff,
    0xf0, 0x0, 0xbf, 0x5d, 0xf3, 0x0, 0x4f, 0xff,
    0xa0, 0x9, 0xff, 0xff, 0x0, 0xc, 0xf4, 0xcf,
    0x30, 0x2, 0xff, 0xff, 0xff, 0xff, 0xff, 0xf0,
    0x2, 0xff, 0x1a, 0xf4, 0x0, 0xb, 0xff, 0xff,
    0xf9, 0xff, 0xff, 0xff, 0xff, 0xc0, 0x8f, 0x60,
    0x0, 0x19, 0xde, 0xc7, 0xd, 0xee, 0xee, 0xed,
    0xb2, 0x6, 0xfa, 0x0, 0x0, 0x0, 0x0, 0x0,
    0x0, 0x0, 0x0, 0x0, 0x0, 0x1f, 0xf3, 0x0,
    0x0, 0x0, 0x0, 0x0, 0x0, 0x0, 0x0, 0x0,
    0x0, 0x9f, 0xe7, 0x30, 0x0, 0x0, 0x0, 0x0,
    0x0, 0x0, 0x0, 0x0, 0x0, 0x9f, 0xff, 0xff,
    0xff, 0xff, 0xff, 0xff, 0xe0, 0x0, 0x0, 0x0,
    0x0, 0x27, 0xac, 0xef, 0xff, 0xff, 0xff, 0xfe,
    0x0, 0x0, 0x0, 0x0, 0x0, 0x0, 0x0, 0x0,
    0x0, 0x0, 0x0, 0x0, 0x0, 0x0, 0x0,

    /* U+0041 "A" */
    0x0, 0x0, 0x0, 0xff, 0xff, 0xff, 0xf4, 0x0,
    0x0, 0x0, 0x0, 0x0, 0x3f, 0xff, 0xff, 0xff,
    0x80, 0x0, 0x0, 0x0, 0x0, 0x8, 0xff, 0xff,
    0xff, 0xfc, 0x0, 0x0, 0x0, 0x0, 0x0, 0xcf,
    0xff, 0xff, 0xff, 0xf0, 0x0, 0x0, 0x0, 0x0,
    0xf, 0xff, 0xff, 0xff, 0xff, 0x40, 0x0, 0x0,
    0x0, 0x4, 0xff, 0xff, 0x7f, 0xff, 0xf8, 0x0,
    0x0, 0x0, 0x0, 0x8f, 0xff, 0xf0, 0xff, 0xff,
    0xc0, 0x0, 0x0, 0x0, 0xc, 0xff, 0xfc, 0xb,
    0xff, 0xff, 0x0, 0x0, 0x0, 0x0, 0xff, 0xff,
    0x90, 0x7f, 0xff, 0xf4, 0x0, 0x0, 0x0, 0x4f,
    0xff, 0xf5, 0x4, 0xff, 0xff, 0x80, 0x0, 0x0,
    0x8, 0xff, 0xff, 0x10, 0xf, 0xff, 0xfc, 0x0,
    0x0, 0x0, 0xcf, 0xff, 0xd0, 0x0, 0xcf, 0xff,
    0xf0, 0x0, 0x0, 0x1f, 0xff, 0xfa, 0x0, 0x8,
    0xff, 0xff, 0x40, 0x0, 0x5, 0xff, 0xff, 0x60,
    0x0, 0x4f, 0xff, 0xf8, 0x0, 0x0, 0x9f, 0xff,
    0xff, 0xff, 0xff, 0xff, 0xff, 0xc0, 0x0, 0xd,
    0xff, 0xff, 0xff, 0xff, 0xff, 0xff, 0xff, 0x10,
    0x1, 0xff, 0xff, 0xff, 0xff, 0xff, 0xff, 0xff,
    0xf5, 0x0, 0x5f, 0xff, 0xff, 0xff, 0xff, 0xff,
    0xff, 0xff, 0x90, 0x9, 0xff, 0xff, 0x53, 0x33,
    0x33, 0x4f, 0xff, 0xfd, 0x0, 0xdf, 0xff, 0xf0,
    0x0, 0x0, 0x0, 0xef, 0xff, 0xf1, 0x1f, 0xff,
    0xfc, 0x0, 0x0, 0x0, 0xa, 0xff, 0xff, 0x55,
    0xff, 0xff, 0x90, 0x0, 0x0, 0x0, 0x6f, 0xff,
    0xf9, 0x9f, 0xff, 0xf5, 0x0, 0x0, 0x0, 0x3,
    0xff, 0xff, 0xd0,

    /* U+0042 "B" */
    0xff, 0xff, 0xff, 0xff, 0xff, 0xeb, 0x60, 0x0,
    0xff, 0xff, 0xff, 0xff, 0xff, 0xff, 0xfb, 0x0,
    0xff, 0xff, 0xff, 0xff, 0xff, 0xff, 0xff, 0x70,
    0xff, 0xff, 0xff, 0xff, 0xff, 0xff, 0xff, 0xe0,
    0xff, 0xff, 0xf3, 0x33, 0x48, 0xff, 0xff, 0xf2,
    0xff, 0xff, 0xf0, 0x0, 0x0, 0xef, 0xff, 0xf3,
    0xff, 0xff, 0xf0, 0x0, 0x0, 0xcf, 0xff, 0xf4,
    0xff, 0xff, 0xf0, 0x0, 0x0, 0xcf, 0xff, 0xf2,
    0xff, 0xff, 0xf0, 0x0, 0x0, 0xef, 0xff, 0xf0,
    0xff, 0xff, 0xf2, 0x22, 0x38, 0xff, 0xff, 0xa0,
    0xff, 0xff, 0xff, 0xff, 0xff, 0xff, 0xfd, 0x10,
    0xff, 0xff, 0xff, 0xff, 0xff, 0xff, 0x70, 0x0,
    0xff, 0xff, 0xff, 0xff, 0xff, 0xff, 0xe7, 0x0,
    0xff, 0xff, 0xff, 0xff, 0xff, 0xff, 0xff, 0x90,
    0xff, 0xff, 0xf0, 0x0, 0x3, 0xef, 0xff, 0xf1,
    0xff, 0xff, 0xf0, 0x0, 0x0, 0xaf, 0xff, 0xf5,
    0xff, 0xff, 0xf0, 0x0, 0x0, 0x9f, 0xff, 0xf7,
    0xff, 0xff, 0xf0, 0x0, 0x0, 0xaf, 0xff, 0xf7,
    0xff, 0xff, 0xf3, 0x33, 0x47, 0xff, 0xff, 0xf5,
    0xff, 0xff, 0xff, 0xff, 0xff, 0xff, 0xff, 0xf2,
    0xff, 0xff, 0xff, 0xff, 0xff, 0xff, 0xff, 0xb0,
    0xff, 0xff, 0xff, 0xff, 0xff, 0xff, 0xfe, 0x20,
    0xff, 0xff, 0xff, 0xff, 0xff, 0xec, 0x71, 0x0,

    /* U+0043 "C" */
    0x0, 0x1, 0x7b, 0xdf, 0xff, 0xec, 0x93, 0x0,
    0x4e, 0xff, 0xff, 0xff, 0xff, 0xf7, 0x2, 0xff,
    0xff, 0xff, 0xff, 0xff, 0xf7, 0x9, 0xff, 0xff,
    0xff, 0xff, 0xff, 0xf7, 0xe, 0xff, 0xff, 0xe7,
    0x43, 0x45, 0x63, 0x1f, 0xff, 0xff, 0x20, 0x0,
    0x0, 0x0, 0x4f, 0xff, 0xfc, 0x0, 0x0, 0x0,
    0x0, 0x5f, 0xff, 0xfa, 0x0, 0x0, 0x0, 0x0,
    0x6f, 0xff, 0xf9, 0x0, 0x0, 0x0, 0x0, 0x7f,
    0xff, 0xf9, 0x0, 0x0, 0x0, 0x0, 0x7f, 0xff,
    0xf9, 0x0, 0x0, 0x0, 0x0, 0x7f, 0xff, 0xf9,
    0x0, 0x0, 0x0, 0x0, 0x7f, 0xff, 0xf9, 0x0,
    0x0, 0x0, 0x0, 0x7f, 0xff, 0xf9, 0x0, 0x0,
    0x0, 0x0, 0x6f, 0xff, 0xf9, 0x0, 0x0, 0x0,
    0x0, 0x5f, 0xff, 0xfa, 0x0, 0x0, 0x0, 0x0,
    0x4f, 0xff, 0xfc, 0x0, 0x0, 0x0, 0x0, 0x2f,
    0xff, 0xff, 0x20, 0x0, 0x0, 0x0, 0xf, 0xff,
    0xff, 0xe7, 0x43, 0x44, 0x64, 0xa, 0xff, 0xff,
    0xff, 0xff, 0xff, 0xf8, 0x2, 0xff, 0xff, 0xff,
    0xff, 0xff, 0xf8, 0x0, 0x4f, 0xff, 0xff, 0xff,
    0xff, 0xf8, 0x0, 0x1, 0x7b, 0xef, 0xff, 0xec,
    0xa4,

    /* U+0044 "D" */
    0xff, 0xff, 0xff, 0xff, 0xfd, 0xb8, 0x20, 0x0,
    0xff, 0xff, 0xff, 0xff, 0xff, 0xff, 0xf8, 0x0,
    0xff, 0xff, 0xff, 0xff, 0xff, 0xff, 0xff, 0x60,
    0xff, 0xff, 0xff, 0xff, 0xff, 0xff, 0xff, 0xe0,
    0xff, 0xff, 0xf3, 0x34, 0x5a, 0xff, 0xff, 0xf2,
    0xff, 0xff, 0xf0, 0x0, 0x0, 0xdf, 0xff, 0xf4,
    0xff, 0xff, 0xf0, 0x0, 0x0, 0xaf, 0xff, 0xf5,
    0xff, 0xff, 0xf0, 0x0, 0x0, 0x9f, 0xff, 0xf6,
    0xff, 0xff, 0xf0, 0x0, 0x0, 0x8f, 0xff, 0xf7,
    0xff, 0xff, 0xf0, 0x0, 0x0, 0x8f, 0xff, 0xf8,
    0xff, 0xff, 0xf0, 0x0, 0x0, 0x7f, 0xff, 0xf8,
    0xff, 0xff, 0xf0, 0x0, 0x0, 0x7f, 0xff, 0xf8,
    0xff, 0xff, 0xf0, 0x0, 0x0, 0x7f, 0xff, 0xf8,
    0xff, 0xff, 0xf0, 0x0, 0x0, 0x8f, 0xff, 0xf8,
    0xff, 0xff, 0xf0, 0x0, 0x0, 0x8f, 0xff, 0xf7,
    0xff, 0xff, 0xf0, 0x0, 0x0, 0x9f, 0xff, 0xf6,
    0xff, 0xff, 0xf0, 0x0, 0x0, 0xaf, 0xff, 0xf5,
    0xff, 0xff, 0xf0, 0x0, 0x0, 0xef, 0xff, 0xf4,
    0xff, 0xff, 0xf3, 0x33, 0x5a, 0xff, 0xff, 0xf2,
    0xff, 0xff, 0xff, 0xff, 0xff, 0xff, 0xff, 0xe0,
    0xff, 0xff, 0xff, 0xff, 0xff, 0xff, 0xff, 0x60,
    0xff, 0xff, 0xff, 0xff, 0xff, 0xff, 0xf8, 0x0,
    0xff, 0xff, 0xff, 0xff, 0xfd, 0xb8, 0x20, 0x0,

    /* U+0045 "E" */
    0xff, 0xff, 0xff, 0xff, 0xff, 0xff, 0xf4, 0xff,
    0xff, 0xff, 0xff, 0xff, 0xff, 0xf4, 0xff, 0xff,
    0xff, 0xff, 0xff, 0xff, 0xf4, 0xff, 0xff, 0xff,
    0xff, 0xff, 0xff, 0xf4, 0xff, 0xff, 0xf3, 0x33,
    0x33, 0x33, 0x31, 0xff, 0xff, 0xf0, 0x0, 0x0,
    0x0, 0x0, 0xff, 0xff, 0xf0, 0x0, 0x0, 0x0,
    0x0, 0xff, 0xff, 0xf0, 0x0, 0x0, 0x0, 0x0,
    0xff, 0xff, 0xf0, 0x0, 0x0, 0x0, 0x0, 0xff,
    0xff, 0xf3, 0x33, 0x33, 0x33, 0x0, 0xff, 0xff,
    0xff, 0xff, 0xff, 0xff, 0x10, 0xff, 0xff, 0xff,
    0xff, 0xff, 0xff, 0x10, 0xff, 0xff, 0xff, 0xff,
    0xff, 0xff, 0x10, 0xff, 0xff, 0xff, 0xff, 0xff,
    0xff, 0x10, 0xff, 0xff, 0xf0, 0x0, 0x0, 0x0,
    0x0, 0xff, 0xff, 0xf0, 0x0, 0x0, 0x0, 0x0,
    0xff, 0xff, 0xf0, 0x0, 0x0, 0x0, 0x0, 0xff,
    0xff, 0xf0, 0x0, 0x0, 0x0, 0x0, 0xff, 0xff,
    0xf3, 0x33, 0x33, 0x33, 0x31, 0xff, 0xff, 0xff,
    0xff, 0xff, 0xff, 0xf4, 0xff, 0xff, 0xff, 0xff,
    0xff, 0xff, 0xf4, 0xff, 0xff, 0xff, 0xff, 0xff,
    0xff, 0xf4, 0xff, 0xff, 0xff, 0xff, 0xff, 0xff,
    0xf4,

    /* U+0046 "F" */
    0xff, 0xff, 0xff, 0xff, 0xff, 0xff, 0xbf, 0xff,
    0xff, 0xff, 0xff, 0xff, 0xfb, 0xff, 0xff, 0xff,
    0xff, 0xff, 0xff, 0xbf, 0xff, 0xff, 0xff, 0xff,
    0xff, 0xfb, 0xff, 0xff, 0xf3, 0x33, 0x33, 0x33,
    0x2f, 0xff, 0xff, 0x0, 0x0, 0x0, 0x0, 0xff,
    0xff, 0xf0, 0x0, 0x0, 0x0, 0xf, 0xff, 0xff,
    0x0, 0x0, 0x0, 0x0, 0xff, 0xff, 0xf0, 0x0,
    0x0, 0x0, 0xf, 0xff, 0xff, 0x0, 0x0, 0x0,
    0x0, 0xff, 0xff, 0xff, 0xff, 0xff, 0xfc, 0xf,
    0xff, 0xff, 0xff, 0xff, 0xff, 0xc0, 0xff, 0xff,
    0xff, 0xff, 0xff, 0xfc, 0xf, 0xff, 0xff, 0xff,
    0xff, 0xff, 0xc0, 0xff, 0xff, 0xf4, 0x44, 0x44,
    0x43, 0xf, 0xff, 0xff, 0x0, 0x0, 0x0, 0x0,
    0xff, 0xff, 0xf0, 0x0, 0x0, 0x0, 0xf, 0xff,
    0xff, 0x0, 0x0, 0x0, 0x0, 0xff, 0xff, 0xf0,
    0x0, 0x0, 0x0, 0xf, 0xff, 0xff, 0x0, 0x0,
    0x0, 0x0, 0xff, 0xff, 0xf0, 0x0, 0x0, 0x0,
    0xf, 0xff, 0xff, 0x0, 0x0, 0x0, 0x0, 0xff,
    0xff, 0xf0, 0x0, 0x0, 0x0, 0x0,

    /* U+0047 "G" */
    0x0, 0x0, 0x59, 0xce, 0xff, 0xed, 0xca, 0x84,
    0x0, 0x2d, 0xff, 0xff, 0xff, 0xff, 0xff, 0xfb,
    0x0, 0xdf, 0xff, 0xff, 0xff, 0xff, 0xff, 0xfb,
    0x7, 0xff, 0xff, 0xff, 0xff, 0xff, 0xff, 0xfb,
    0xd, 0xff, 0xff, 0xe8, 0x54, 0x34, 0x56, 0x87,
    0xf, 0xff, 0xff, 0x30, 0x0, 0x0, 0x0, 0x0,
    0x3f, 0xff, 0xfd, 0x0, 0x0, 0x0, 0x0, 0x0,
    0x5f, 0xff, 0xfb, 0x0, 0x0, 0x0, 0x0, 0x0,
    0x6f, 0xff, 0xf9, 0x0, 0x0, 0x0, 0x0, 0x0,
    0x7f, 0xff, 0xf9, 0x0, 0x0, 0x0, 0x0, 0x0,
    0x7f, 0xff, 0xf8, 0x0, 0x6f, 0xff, 0xff, 0xfd,
    0x7f, 0xff, 0xf8, 0x0, 0x6f, 0xff, 0xff, 0xfd,
    0x7f, 0xff, 0xf8, 0x0, 0x6f, 0xff, 0xff, 0xfd,
    0x7f, 0xff, 0xf8, 0x0, 0x6f, 0xff, 0xff, 0xfd,
    0x6f, 0xff, 0xf9, 0x0, 0x0, 0xd, 0xff, 0xfd,
    0x5f, 0xff, 0xfa, 0x0, 0x0, 0xd, 0xff, 0xfd,
    0x3f, 0xff, 0xfd, 0x0, 0x0, 0xd, 0xff, 0xfd,
    0x1f, 0xff, 0xff, 0x20, 0x0, 0xd, 0xff, 0xfd,
    0xe, 0xff, 0xff, 0xd6, 0x32, 0x2d, 0xff, 0xfd,
    0x8, 0xff, 0xff, 0xff, 0xff, 0xff, 0xff, 0xfd,
    0x1, 0xff, 0xff, 0xff, 0xff, 0xff, 0xff, 0xfd,
    0x0, 0x4e, 0xff, 0xff, 0xff, 0xff, 0xff, 0xfd,
    0x0, 0x1, 0x6a, 0xdf, 0xff, 0xfe, 0xca, 0x84,

    /* U+0048 "H" */
    0xf, 0xff, 0xff, 0x0, 0x0, 0x2, 0xff, 0xff,
    0xd0, 0xff, 0xff, 0xf0, 0x0, 0x0, 0x2f, 0xff,
    0xfd, 0xf, 0xff, 0xff, 0x0, 0x0, 0x2, 0xff,
    0xff, 0xd0, 0xff, 0xff, 0xf0, 0x0, 0x0, 0x2f,
    0xff, 0xfd, 0xf, 0xff, 0xff, 0x0, 0x0, 0x2,
    0xff, 0xff, 0xd0, 0xff, 0xff, 0xf0, 0x0, 0x0,
    0x2f, 0xff, 0xfd, 0xf, 0xff, 0xff, 0x0, 0x0,
    0x2, 0xff, 0xff, 0xd0, 0xff, 0xff, 0xf0, 0x0,
    0x0, 0x2f, 0xff, 0xfd, 0xf, 0xff, 0xff, 0x0,
    0x0, 0x2, 0xff, 0xff, 0xd0, 0xff, 0xff, 0xf7,
    0x77, 0x77, 0x8f, 0xff, 0xfd, 0xf, 0xff, 0xff,
    0xff, 0xff, 0xff, 0xff, 0xff, 0xd0, 0xff, 0xff,
    0xff, 0xff, 0xff, 0xff, 0xff, 0xfd, 0xf, 0xff,
    0xff, 0xff, 0xff, 0xff, 0xff, 0xff, 0xd0, 0xff,
    0xff, 0xff, 0xff, 0xff, 0xff, 0xff, 0xfd, 0xf,
    0xff, 0xff, 0x0, 0x0, 0x2, 0xff, 0xff, 0xd0,
    0xff, 0xff, 0xf0, 0x0, 0x0, 0x2f, 0xff, 0xfd,
    0xf, 0xff, 0xff, 0x0, 0x0, 0x2, 0xff, 0xff,
    0xd0, 0xff, 0xff, 0xf0, 0x0, 0x0, 0x2f, 0xff,
    0xfd, 0xf, 0xff, 0xff, 0x0, 0x0, 0x2, 0xff,
    0xff, 0xd0, 0xff, 0xff, 0xf0, 0x0, 0x0, 0x2f,
    0xff, 0xfd, 0xf, 0xff, 0xff, 0x0, 0x0, 0x2,
    0xff, 0xff, 0xd0, 0xff, 0xff, 0xf0, 0x0, 0x0,
    0x2f, 0xff, 0xfd, 0xf, 0xff, 0xff, 0x0, 0x0,
    0x2, 0xff, 0xff, 0xd0,

    /* U+0049 "I" */
    0xff, 0xff, 0xf0, 0xff, 0xff, 0xf0, 0xff, 0xff,
    0xf0, 0xff, 0xff, 0xf0, 0xff, 0xff, 0xf0, 0xff,
    0xff, 0xf0, 0xff, 0xff, 0xf0, 0xff, 0xff, 0xf0,
    0xff, 0xff, 0xf0, 0xff, 0xff, 0xf0, 0xff, 0xff,
    0xf0, 0xff, 0xff, 0xf0, 0xff, 0xff, 0xf0, 0xff,
    0xff, 0xf0, 0xff, 0xff, 0xf0, 0xff, 0xff, 0xf0,
    0xff, 0xff, 0xf0, 0xff, 0xff, 0xf0, 0xff, 0xff,
    0xf0, 0xff, 0xff, 0xf0, 0xff, 0xff, 0xf0, 0xff,
    0xff, 0xf0, 0xff, 0xff, 0xf0,

    /* U+004A "J" */
    0x0, 0x0, 0x9f, 0xff, 0xf6, 0x0, 0x0, 0x9f,
    0xff, 0xf6, 0x0, 0x0, 0x9f, 0xff, 0xf6, 0x0,
    0x0, 0x9f, 0xff, 0xf6, 0x0, 0x0, 0x9f, 0xff,
    0xf6, 0x0, 0x0, 0x9f, 0xff, 0xf6, 0x0, 0x0,
    0x9f, 0xff, 0xf6, 0x0, 0x0, 0x9f, 0xff, 0xf6,
    0x0, 0x0, 0x9f, 0xff, 0xf6, 0x0, 0x0, 0x9f,
    0xff, 0xf6, 0x0, 0x0, 0x9f, 0xff, 0xf6, 0x0,
    0x0, 0x9f, 0xff, 0xf6, 0x0, 0x0, 0x9f, 0xff,
    0xf6, 0x0, 0x0, 0x9f, 0xff, 0xf6, 0x0, 0x0,
    0x9f, 0xff, 0xf6, 0x0, 0x0, 0x9f, 0xff, 0xf5,
    0x0, 0x0, 0xaf, 0xff, 0xf5, 0x0, 0x0, 0xcf,
    0xff, 0xf4, 0x0, 0x5, 0xff, 0xff, 0xf2, 0x6f,
    0xff, 0xff, 0xff, 0xf0, 0x6f, 0xff, 0xff, 0xff,
    0xc0, 0x6f, 0xff, 0xff, 0xff, 0x30, 0x6f, 0xfe,
    0xdb, 0x82, 0x0,

    /* U+004B "K" */
    0xff, 0xff, 0xf0, 0x0, 0x0, 0xd, 0xff, 0xff,
    0x7f, 0xff, 0xff, 0x0, 0x0, 0x6, 0xff, 0xff,
    0xd0, 0xff, 0xff, 0xf0, 0x0, 0x0, 0xef, 0xff,
    0xf5, 0xf, 0xff, 0xff, 0x0, 0x0, 0x7f, 0xff,
    0xfc, 0x0, 0xff, 0xff, 0xf0, 0x0, 0xe, 0xff,
    0xff, 0x30, 0xf, 0xff, 0xff, 0x0, 0x7, 0xff,
    0xff, 0xa0, 0x0, 0xff, 0xff, 0xf0, 0x0, 0xef,
    0xff, 0xf2, 0x0, 0xf, 0xff, 0xff, 0x0, 0x8f,
    0xff, 0xf8, 0x0, 0x0, 0xff, 0xff, 0xf0, 0x1f,
    0xff, 0xfe, 0x0, 0x0, 0xf, 0xff, 0xff, 0x5a,
    0xff, 0xff, 0x60, 0x0, 0x0, 0xff, 0xff, 0xff,
    0xff, 0xff, 0xd0, 0x0, 0x0, 0xf, 0xff, 0xff,
    0xff, 0xff, 0xf7, 0x0, 0x0, 0x0, 0xff, 0xff,
    0xff, 0xff, 0xff, 0xd0, 0x0, 0x0, 0xf, 0xff,
    0xff, 0xff, 0xff, 0xff, 0x60, 0x0, 0x0, 0xff,
    0xff, 0xf0, 0x5f, 0xff, 0xfe, 0x10, 0x0, 0xf,
    0xff, 0xff, 0x0, 0xdf, 0xff, 0xf8, 0x0, 0x0,
    0xff, 0xff, 0xf0, 0x4, 0xff, 0xff, 0xf2, 0x0,
    0xf, 0xff, 0xff, 0x0, 0xb, 0xff, 0xff, 0xa0,
    0x0, 0xff, 0xff, 0xf0, 0x0, 0x3f, 0xff, 0xff,
    0x30, 0xf, 0xff, 0xff, 0x0, 0x0, 0xaf, 0xff,
    0xfc, 0x0, 0xff, 0xff, 0xf0, 0x0, 0x1, 0xff,
    0xff, 0xf5, 0xf, 0xff, 0xff, 0x0, 0x0, 0x8,
    0xff, 0xff, 0xe0, 0xff, 0xff, 0xf0, 0x0, 0x0,
    0x1e, 0xff, 0xff, 0x70,

    /* U+004C "L" */
    0xff, 0xff, 0xf0, 0x0, 0x0, 0x0, 0xf, 0xff,
    0xff, 0x0, 0x0, 0x0, 0x0, 0xff, 0xff, 0xf0,
    0x0, 0x0, 0x0, 0xf, 0xff, 0xff, 0x0, 0x0,
    0x0, 0x0, 0xff, 0xff, 0xf0, 0x0, 0x0, 0x0,
    0xf, 0xff, 0xff, 0x0, 0x0, 0x0, 0x0, 0xff,
    0xff, 0xf0, 0x0, 0x0, 0x0, 0xf, 0xff, 0xff,
    0x0, 0x0, 0x0, 0x0, 0xff, 0xff, 0xf0, 0x0,
    0x0, 0x0, 0xf, 0xff, 0xff, 0x0, 0x0, 0x0,
    0x0, 0xff, 0xff, 0xf0, 0x0, 0x0, 0x0, 0xf,
    0xff, 0xff, 0x0, 0x0, 0x0, 0x0, 0xff, 0xff,
    0xf0, 0x0, 0x0, 0x0, 0xf, 0xff, 0xff, 0x0,
    0x0, 0x0, 0x0, 0xff, 0xff, 0xf0, 0x0, 0x0,
    0x0, 0xf, 0xff, 0xff, 0x0, 0x0, 0x0, 0x0,
    0xff, 0xff, 0xf0, 0x0, 0x0, 0x0, 0xf, 0xff,
    0xff, 0x0, 0x0, 0x0, 0x0, 0xff, 0xff, 0xf6,
    0x66, 0x66, 0x66, 0x1f, 0xff, 0xff, 0xff, 0xff,
    0xff, 0xf4, 0xff, 0xff, 0xff, 0xff, 0xff, 0xff,
    0x4f, 0xff, 0xff, 0xff, 0xff, 0xff, 0xf4, 0xff,
    0xff, 0xff, 0xff, 0xff, 0xff, 0x40,

    /* U+004D "M" */
    0xf, 0xff, 0xff, 0xff, 0x30, 0x0, 0x0, 0x6,
    0xff, 0xff, 0xff, 0xc0, 0xff, 0xff, 0xff, 0xf7,
    0x0, 0x0, 0x0, 0xaf, 0xff, 0xff, 0xfc, 0xf,
    0xff, 0xff, 0xff, 0xb0, 0x0, 0x0, 0xe, 0xff,
    0xff, 0xff, 0xc0, 0xff, 0xff, 0xff, 0xff, 0x0,
    0x0, 0x2, 0xff, 0xff, 0xff, 0xfc, 0xf, 0xff,
    0xff, 0xff, 0xf3, 0x0, 0x0, 0x6f, 0xff, 0xff,
    0xff, 0xc0, 0xff, 0xff, 0xff, 0xff, 0x70, 0x0,
    0xa, 0xff, 0xff, 0xff, 0xfc, 0xf, 0xff, 0xff,
    0xff, 0xfb, 0x0, 0x0, 0xef, 0xff, 0xff, 0xff,
    0xc0, 0xff, 0xff, 0xbf, 0xff, 0xf0, 0x0, 0x2f,
    0xff, 0xbf, 0xff, 0xfc, 0xf, 0xff, 0xfa, 0xcf,
    0xff, 0x30, 0x6, 0xff, 0xf6, 0xff, 0xff, 0xc0,
    0xff, 0xff, 0xa8, 0xff, 0xf7, 0x0, 0xaf, 0xff,
    0x2f, 0xff, 0xfc, 0xf, 0xff, 0xfa, 0x4f, 0xff,
    0xb0, 0xe, 0xff, 0xe0, 0xff, 0xff, 0xc0, 0xff,
    0xff, 0xa0, 0xff, 0xff, 0x2, 0xff, 0xfa, 0xf,
    0xff, 0xfc, 0xf, 0xff, 0xfa, 0xc, 0xff, 0xf3,
    0x6f, 0xff, 0x60, 0xff, 0xff, 0xc0, 0xff, 0xff,
    0xa0, 0x8f, 0xff, 0x7a, 0xff, 0xf2, 0xf, 0xff,
    0xfc, 0xf, 0xff, 0xfa, 0x4, 0xff, 0xfc, 0xef,
    0xfe, 0x0, 0xff, 0xff, 0xc0, 0xff, 0xff, 0xa0,
    0xf, 0xff, 0xff, 0xff, 0xa0, 0xf, 0xff, 0xfc,
    0xf, 0xff, 0xfa, 0x0, 0xcf, 0xff, 0xff, 0xf6,
    0x0, 0xff, 0xff, 0xc0, 0xff, 0xff, 0xa0, 0x8,
    0xff, 0xff, 0xff, 0x20, 0xf, 0xff, 0xfc, 0xf,
    0xff, 0xfa, 0x0, 0x4f, 0xff, 0xff, 0xe0, 0x0,
    0xff, 0xff, 0xc0, 0xff, 0xff, 0xa0, 0x0, 0xff,
    0xff, 0xfa, 0x0, 0xf, 0xff, 0xfc, 0xf, 0xff,
    0xfa, 0x0, 0xc, 0xff, 0xff, 0x60, 0x0, 0xff,
    0xff, 0xc0, 0xff, 0xff, 0xa0, 0x0, 0x8f, 0xff,
    0xf2, 0x0, 0xf, 0xff, 0xfc, 0xf, 0xff, 0xfa,
    0x0, 0x4, 0xff, 0xfe, 0x0, 0x0, 0xff, 0xff,
    0xc0,

    /* U+004E "N" */
    0xf, 0xff, 0xff, 0x40, 0x0, 0x0, 0xcf, 0xff,
    0xf0, 0xff, 0xff, 0xfc, 0x0, 0x0, 0xc, 0xff,
    0xff, 0xf, 0xff, 0xff, 0xf4, 0x0, 0x0, 0xcf,
    0xff, 0xf0, 0xff, 0xff, 0xff, 0xc0, 0x0, 0xc,
    0xff, 0xff, 0xf, 0xff, 0xff, 0xff, 0x40, 0x0,
    0xcf, 0xff, 0xf0, 0xff, 0xff, 0xff, 0xfc, 0x0,
    0xc, 0xff, 0xff, 0xf, 0xff, 0xff, 0xff, 0xf4,
    0x0, 0xcf, 0xff, 0xf0, 0xff, 0xff, 0xff, 0xff,
    0xc0, 0xc, 0xff, 0xff, 0xf, 0xff, 0xff, 0xff,
    0xff, 0x40, 0xcf, 0xff, 0xf0, 0xff, 0xff, 0xff,
    0xff, 0xfc, 0xc, 0xff, 0xff, 0xf, 0xff, 0xfc,
    0xcf, 0xff, 0xf4, 0xcf, 0xff, 0xf0, 0xff, 0xff,
    0xc4, 0xff, 0xff, 0xcc, 0xff, 0xff, 0xf, 0xff,
    0xfc, 0xc, 0xff, 0xff, 0xff, 0xff, 0xf0, 0xff,
    0xff, 0xc0, 0x4f, 0xff, 0xff, 0xff, 0xff, 0xf,
    0xff, 0xfc, 0x0, 0xcf, 0xff, 0xff, 0xff, 0xf0,
    0xff, 0xff, 0xc0, 0x5, 0xff, 0xff, 0xff, 0xff,
    0xf, 0xff, 0xfc, 0x0, 0xd, 0xff, 0xff, 0xff,
    0xf0, 0xff, 0xff, 0xc0, 0x0, 0x5f, 0xff, 0xff,
    0xff, 0xf, 0xff, 0xfc, 0x0, 0x0, 0xdf, 0xff,
    0xff, 0xf0, 0xff, 0xff, 0xc0, 0x0, 0x5, 0xff,
    0xff, 0xff, 0xf, 0xff, 0xfc, 0x0, 0x0, 0xd,
    0xff, 0xff, 0xf0, 0xff, 0xff, 0xc0, 0x0, 0x0,
    0x5f, 0xff, 0xff, 0xf, 0xff, 0xfc, 0x0, 0x0,
    0x0, 0xdf, 0xff, 0xf0,

    /* U+004F "O" */
    0x0, 0x2, 0x8c, 0xef, 0xff, 0xed, 0xa6, 0x0,
    0x0, 0x0, 0x8f, 0xff, 0xff, 0xff, 0xff, 0xff,
    0xe3, 0x0, 0x6, 0xff, 0xff, 0xff, 0xff, 0xff,
    0xff, 0xfe, 0x10, 0xd, 0xff, 0xff, 0xff, 0xff,
    0xff, 0xff, 0xff, 0x70, 0x1f, 0xff, 0xff, 0xa5,
    0x34, 0x6e, 0xff, 0xff, 0xb0, 0x3f, 0xff, 0xfe,
    0x0, 0x0, 0x5, 0xff, 0xff, 0xd0, 0x5f, 0xff,
    0xfb, 0x0, 0x0, 0x2, 0xff, 0xff, 0xe0, 0x6f,
    0xff, 0xfa, 0x0, 0x0, 0x0, 0xff, 0xff, 0xf0,
    0x7f, 0xff, 0xf9, 0x0, 0x0, 0x0, 0xff, 0xff,
    0xf0, 0x7f, 0xff, 0xf9, 0x0, 0x0, 0x0, 0xff,
    0xff, 0xf0, 0x7f, 0xff, 0xf9, 0x0, 0x0, 0x0,
    0xff, 0xff, 0xf1, 0x7f, 0xff, 0xf9, 0x0, 0x0,
    0x0, 0xff, 0xff, 0xf1, 0x7f, 0xff, 0xf9, 0x0,
    0x0, 0x0, 0xff, 0xff, 0xf1, 0x7f, 0xff, 0xf9,
    0x0, 0x0, 0x0, 0xff, 0xff, 0xf0, 0x7f, 0xff,
    0xf9, 0x0, 0x0, 0x0, 0xff, 0xff, 0xf0, 0x6f,
    0xff, 0xfa, 0x0, 0x0, 0x0, 0xff, 0xff, 0xf0,
    0x5f, 0xff, 0xfb, 0x0, 0x0, 0x2, 0xff, 0xff,
    0xe0, 0x3f, 0xff, 0xfe, 0x0, 0x0, 0x5, 0xff,
    0xff, 0xd0, 0x1f, 0xff, 0xff, 0xa5, 0x34, 0x6e,
    0xff, 0xff, 0xb0, 0xd, 0xff, 0xff, 0xff, 0xff,
    0xff, 0xff, 0xff, 0x70, 0x6, 0xff, 0xff, 0xff,
    0xff, 0xff, 0xff, 0xff, 0x10, 0x0, 0x9f, 0xff,
    0xff, 0xff, 0xff, 0xff, 0xe4, 0x0, 0x0, 0x3,
    0x8c, 0xef, 0xff, 0xfd, 0xb6, 0x10, 0x0,

    /* U+0050 "P" */
    0xff, 0xff, 0xff, 0xff, 0xff, 0xeb, 0x50, 0x0,
    0xff, 0xff, 0xff, 0xff, 0xff, 0xff, 0xf9, 0x0,
    0xff, 0xff, 0xff, 0xff, 0xff, 0xff, 0xff, 0x50,
    0xff, 0xff, 0xff, 0xff, 0xff, 0xff, 0xff, 0xc0,
    0xff, 0xff, 0xf3, 0x33, 0x5a, 0xff, 0xff, 0xf0,
    0xff, 0xff, 0xf0, 0x0, 0x0, 0xff, 0xff, 0xf2,
    0xff, 0xff, 0xf0, 0x0, 0x0, 0xcf, 0xff, 0xf3,
    0xff, 0xff, 0xf0, 0x0, 0x0, 0xcf, 0xff, 0xf3,
    0xff, 0xff, 0xf0, 0x0, 0x0, 0xcf, 0xff, 0xf3,
    0xff, 0xff, 0xf0, 0x0, 0x0, 0xcf, 0xff, 0xf2,
    0xff, 0xff, 0xf0, 0x0, 0x0, 0xff, 0xff, 0xf1,
    0xff, 0xff, 0xf3, 0x33, 0x5b, 0xff, 0xff, 0xf0,
    0xff, 0xff, 0xff, 0xff, 0xff, 0xff, 0xff, 0xb0,
    0xff, 0xff, 0xff, 0xff, 0xff, 0xff, 0xff, 0x40,
    0xff, 0xff, 0xff, 0xff, 0xff, 0xff, 0xf8, 0x0,
    0xff, 0xff, 0xff, 0xff, 0xff, 0xea, 0x40, 0x0,
    0xff, 0xff, 0xf0, 0x0, 0x0, 0x0, 0x0, 0x0,
    0xff, 0xff, 0xf0, 0x0, 0x0, 0x0, 0x0, 0x0,
    0xff, 0xff, 0xf0, 0x0, 0x0, 0x0, 0x0, 0x0,
    0xff, 0xff, 0xf0, 0x0, 0x0, 0x0, 0x0, 0x0,
    0xff, 0xff, 0xf0, 0x0, 0x0, 0x0, 0x0, 0x0,
    0xff, 0xff, 0xf0, 0x0, 0x0, 0x0, 0x0, 0x0,
    0xff, 0xff, 0xf0, 0x0, 0x0, 0x0, 0x0, 0x0,

    /* U+0051 "Q" */
    0x0, 0x3, 0x8c, 0xef, 0xff, 0xed, 0xa6, 0x0,
    0x0, 0x0, 0x9, 0xff, 0xff, 0xff, 0xff, 0xff,
    0xfd, 0x20, 0x0, 0x6, 0xff, 0xff, 0xff, 0xff,
    0xff, 0xff, 0xfd, 0x0, 0x0, 0xdf, 0xff, 0xff,
    0xff, 0xff, 0xff, 0xff, 0xf5, 0x0, 0x1f, 0xff,
    0xff, 0x93, 0x23, 0x5e, 0xff, 0xff, 0x80, 0x3,
    0xff, 0xff, 0xd0, 0x0, 0x0, 0x6f, 0xff, 0xfb,
    0x0, 0x5f, 0xff, 0xfa, 0x0, 0x0, 0x3, 0xff,
    0xff, 0xc0, 0x6, 0xff, 0xff, 0x90, 0x0, 0x0,
    0x2f, 0xff, 0xfd, 0x0, 0x6f, 0xff, 0xf9, 0x0,
    0x0, 0x1, 0xff, 0xff, 0xe0, 0x7, 0xff, 0xff,
    0x80, 0x0, 0x0, 0x1f, 0xff, 0xfe, 0x0, 0x7f,
    0xff, 0xf8, 0x0, 0x0, 0x0, 0xff, 0xff, 0xf0,
    0x7, 0xff, 0xff, 0x80, 0x0, 0x0, 0xf, 0xff,
    0xff, 0x0, 0x7f, 0xff, 0xf8, 0x0, 0x0, 0x0,
    0xff, 0xff, 0xf0, 0x7, 0xff, 0xff, 0x80, 0x0,
    0x0, 0x1f, 0xff, 0xfe, 0x0, 0x6f, 0xff, 0xf9,
    0x0, 0x0, 0x1, 0xff, 0xff, 0xe0, 0x6, 0xff,
    0xff, 0x90, 0x0, 0x0, 0x1f, 0xff, 0xfd, 0x0,
    0x5f, 0xff, 0xfa, 0x0, 0x0, 0x3, 0xff, 0xff,
    0xc0, 0x3, 0xff, 0xff, 0xd0, 0x0, 0x0, 0x6f,
    0xff, 0xfa, 0x0, 0x1f, 0xff, 0xff, 0x93, 0x23,
    0x5e, 0xff, 0xff, 0x80, 0x0, 0xdf, 0xff, 0xff,
    0xff, 0xff, 0xff, 0xff, 0xf3, 0x0, 0x6, 0xff,
    0xff, 0xff, 0xff, 0xff, 0xff, 0xfb, 0x0, 0x0,
    0x9, 0xff, 0xff, 0xff, 0xff, 0xff, 0xff, 0x20,
    0x0, 0x0, 0x3, 0x8c, 0xef, 0xff, 0xff, 0xff,
    0xf9, 0x0, 0x0, 0x0, 0x0, 0x0, 0x0, 0x1,
    0xff, 0xff, 0xf3, 0x0, 0x0, 0x0, 0x0, 0x0,
    0x0, 0x6, 0xff, 0xff, 0xc0, 0x0, 0x0, 0x0,
    0x0, 0x0, 0x0, 0xc, 0xff, 0xff, 0x70, 0x0,
    0x0, 0x0, 0x0, 0x0, 0x0, 0x28, 0x88, 0x87,
    0x0,

    /* U+0052 "R" */
    0xff, 0xff, 0xff, 0xff, 0xff, 0xec, 0x70, 0x0,
    0xff, 0xff, 0xff, 0xff, 0xff, 0xff, 0xfc, 0x10,
    0xff, 0xff, 0xff, 0xff, 0xff, 0xff, 0xff, 0xa0,
    0xff, 0xff, 0xff, 0xff, 0xff, 0xff, 0xff, 0xf1,
    0xff, 0xff, 0xf3, 0x33, 0x47, 0xff, 0xff, 0xf4,
    0xff, 0xff, 0xf0, 0x0, 0x0, 0xbf, 0xff, 0xf6,
    0xff, 0xff, 0xf0, 0x0, 0x0, 0x8f, 0xff, 0xf7,
    0xff, 0xff, 0xf0, 0x0, 0x0, 0x8f, 0xff, 0xf7,
    0xff, 0xff, 0xf0, 0x0, 0x0, 0x8f, 0xff, 0xf7,
    0xff, 0xff, 0xf0, 0x0, 0x0, 0xbf, 0xff, 0xf6,
    0xff, 0xff, 0xf3, 0x33, 0x47, 0xff, 0xff, 0xf3,
    0xff, 0xff, 0xff, 0xff, 0xff, 0xff, 0xff, 0xf0,
    0xff, 0xff, 0xff, 0xff, 0xff, 0xff, 0xff, 0xa0,
    0xff, 0xff, 0xff, 0xff, 0xff, 0xff, 0xfc, 0x10,
    0xff, 0xff, 0xff, 0xff, 0xff, 0xff, 0xf1, 0x0,
    0xff, 0xff, 0xf0, 0x0, 0xaf, 0xff, 0xf5, 0x0,
    0xff, 0xff, 0xf0, 0x0, 0x5f, 0xff, 0xfb, 0x0,
    0xff, 0xff, 0xf0, 0x0, 0xf, 0xff, 0xff, 0x10,
    0xff, 0xff, 0xf0, 0x0, 0xa, 0xff, 0xff, 0x60,
    0xff, 0xff, 0xf0, 0x0, 0x5, 0xff, 0xff, 0xc0,
    0xff, 0xff, 0xf0, 0x0, 0x0, 0xff, 0xff, 0xf1,
    0xff, 0xff, 0xf0, 0x0, 0x0, 0xbf, 0xff, 0xf7,
    0xff, 0xff, 0xf0, 0x0, 0x0, 0x6f, 0xff, 0xfc,

    /* U+0053 "S" */
    0x0, 0x6, 0xad, 0xef, 0xfe, 0xdb, 0x96, 0x0,
    0x2d, 0xff, 0xff, 0xff, 0xff, 0xff, 0xf0, 0xd,
    0xff, 0xff, 0xff, 0xff, 0xff, 0xff, 0x4, 0xff,
    0xff, 0xff, 0xff, 0xff, 0xff, 0xf0, 0x9f, 0xff,
    0xfe, 0x74, 0x34, 0x45, 0x78, 0xb, 0xff, 0xff,
    0x50, 0x0, 0x0, 0x0, 0x0, 0xcf, 0xff, 0xf3,
    0x0, 0x0, 0x0, 0x0, 0xc, 0xff, 0xff, 0x40,
    0x0, 0x0, 0x0, 0x0, 0xbf, 0xff, 0xfc, 0x41,
    0x0, 0x0, 0x0, 0x8, 0xff, 0xff, 0xff, 0xff,
    0xda, 0x72, 0x0, 0x4f, 0xff, 0xff, 0xff, 0xff,
    0xff, 0xf7, 0x0, 0xcf, 0xff, 0xff, 0xff, 0xff,
    0xff, 0xf3, 0x1, 0xaf, 0xff, 0xff, 0xff, 0xff,
    0xff, 0x90, 0x0, 0x4, 0x69, 0xbe, 0xff, 0xff,
    0xfc, 0x0, 0x0, 0x0, 0x0, 0x6, 0xff, 0xff,
    0xe0, 0x0, 0x0, 0x0, 0x0, 0x1f, 0xff, 0xfe,
    0x0, 0x0, 0x0, 0x0, 0x1, 0xff, 0xff, 0xe0,
    0x0, 0x0, 0x0, 0x0, 0x3f, 0xff, 0xfd, 0x28,
    0x65, 0x44, 0x34, 0x6d, 0xff, 0xff, 0xb3, 0xff,
    0xff, 0xff, 0xff, 0xff, 0xff, 0xf6, 0x3f, 0xff,
    0xff, 0xff, 0xff, 0xff, 0xfe, 0x13, 0xff, 0xff,
    0xff, 0xff, 0xff, 0xff, 0x40, 0x18, 0xac, 0xee,
    0xff, 0xfe, 0xc8, 0x20, 0x0,

    /* U+0054 "T" */
    0x9f, 0xff, 0xff, 0xff, 0xff, 0xff, 0xff, 0xfd,
    0x9f, 0xff, 0xff, 0xff, 0xff, 0xff, 0xff, 0xfd,
    0x9f, 0xff, 0xff, 0xff, 0xff, 0xff, 0xff, 0xfd,
    0x9f, 0xff, 0xff, 0xff, 0xff, 0xff, 0xff, 0xfd,
    0x36, 0x66, 0x6a, 0xff, 0xff, 0xc6, 0x66, 0x65,
    0x0, 0x0, 0x6, 0xff, 0xff, 0x90, 0x0, 0x0,
    0x0, 0x0, 0x6, 0xff, 0xff, 0x90, 0x0, 0x0,
    0x0, 0x0, 0x6, 0xff, 0xff, 0x90, 0x0, 0x0,
    0x0, 0x0, 0x6, 0xff, 0xff, 0x90, 0x0, 0x0,
    0x0, 0x0, 0x6, 0xff, 0xff, 0x90, 0x0, 0x0,
    0x0, 0x0, 0x6, 0xff, 0xff, 0x90, 0x0, 0x0,
    0x0, 0x0, 0x6, 0xff, 0xff, 0x90, 0x0, 0x0,
    0x0, 0x0, 0x6, 0xff, 0xff, 0x90, 0x0, 0x0,
    0x0, 0x0, 0x6, 0xff, 0xff, 0x90, 0x0, 0x0,
    0x0, 0x0, 0x6, 0xff, 0xff, 0x90, 0x0, 0x0,
    0x0, 0x0, 0x6, 0xff, 0xff, 0x90, 0x0, 0x0,
    0x0, 0x0, 0x6, 0xff, 0xff, 0x90, 0x0, 0x0,
    0x0, 0x0, 0x6, 0xff, 0xff, 0x90, 0x0, 0x0,
    0x0, 0x0, 0x6, 0xff, 0xff, 0x90, 0x0, 0x0,
    0x0, 0x0, 0x6, 0xff, 0xff, 0x90, 0x0, 0x0,
    0x0, 0x0, 0x6, 0xff, 0xff, 0x90, 0x0, 0x0,
    0x0, 0x0, 0x6, 0xff, 0xff, 0x90, 0x0, 0x0,
    0x0, 0x0, 0x6, 0xff, 0xff, 0x90, 0x0, 0x0,

    /* U+0055 "U" */
    0x2f, 0xff, 0xfd, 0x0, 0x0, 0x9, 0xff, 0xff,
    0x62, 0xff, 0xff, 0xd0, 0x0, 0x0, 0x9f, 0xff,
    0xf6, 0x2f, 0xff, 0xfd, 0x0, 0x0, 0x9, 0xff,
    0xff, 0x62, 0xff, 0xff, 0xd0, 0x0, 0x0, 0x9f,
    0xff, 0xf6, 0x2f, 0xff, 0xfd, 0x0, 0x0, 0x9,
    0xff, 0xff, 0x62, 0xff, 0xff, 0xd0, 0x0, 0x0,
    0x9f, 0xff, 0xf6, 0x2f, 0xff, 0xfd, 0x0, 0x0,
    0x9, 0xff, 0xff, 0x62, 0xff, 0xff, 0xd0, 0x0,
    0x0, 0x9f, 0xff, 0xf6, 0x2f, 0xff, 0xfd, 0x0,
    0x0, 0x9, 0xff, 0xff, 0x62, 0xff, 0xff, 0xd0,
    0x0, 0x0, 0x9f, 0xff, 0xf6, 0x2f, 0xff, 0xfd,
    0x0, 0x0, 0x9, 0xff, 0xff, 0x62, 0xff, 0xff,
    0xd0, 0x0, 0x0, 0x9f, 0xff, 0xf6, 0x2f, 0xff,
    0xfd, 0x0, 0x0, 0x9, 0xff, 0xff, 0x52, 0xff,
    0xff, 0xd0, 0x0, 0x0, 0x9f, 0xff, 0xf5, 0x1f,
    0xff, 0xfd, 0x0, 0x0, 0x9, 0xff, 0xff, 0x51,
    0xff, 0xff, 0xd0, 0x0, 0x0, 0xaf, 0xff, 0xf4,
    0xf, 0xff, 0xfe, 0x0, 0x0, 0xa, 0xff, 0xff,
    0x40, 0xef, 0xff, 0xf1, 0x0, 0x0, 0xdf, 0xff,
    0xf2, 0xc, 0xff, 0xff, 0xb4, 0x34, 0x8f, 0xff,
    0xff, 0x0, 0x9f, 0xff, 0xff, 0xff, 0xff, 0xff,
    0xff, 0xd0, 0x2, 0xff, 0xff, 0xff, 0xff, 0xff,
    0xff, 0xf6, 0x0, 0x6, 0xff, 0xff, 0xff, 0xff,
    0xff, 0xfa, 0x0, 0x0, 0x2, 0x8c, 0xef, 0xff,
    0xec, 0x94, 0x0, 0x0,

    /* U+0056 "V" */
    0x9f, 0xff, 0xf8, 0x0, 0x0, 0x0, 0xf, 0xff,
    0xff, 0x5, 0xff, 0xff, 0xb0, 0x0, 0x0, 0x3,
    0xff, 0xff, 0xc0, 0x1f, 0xff, 0xff, 0x0, 0x0,
    0x0, 0x6f, 0xff, 0xf8, 0x0, 0xdf, 0xff, 0xf2,
    0x0, 0x0, 0x9, 0xff, 0xff, 0x40, 0x9, 0xff,
    0xff, 0x60, 0x0, 0x0, 0xdf, 0xff, 0xf1, 0x0,
    0x6f, 0xff, 0xf9, 0x0, 0x0, 0xf, 0xff, 0xfd,
    0x0, 0x2, 0xff, 0xff, 0xc0, 0x0, 0x3, 0xff,
    0xff, 0x90, 0x0, 0xe, 0xff, 0xff, 0x0, 0x0,
    0x7f, 0xff, 0xf5, 0x0, 0x0, 0xaf, 0xff, 0xf3,
    0x0, 0xa, 0xff, 0xff, 0x10, 0x0, 0x6, 0xff,
    0xff, 0x70, 0x0, 0xef, 0xff, 0xe0, 0x0, 0x0,
    0x2f, 0xff, 0xfa, 0x0, 0x1f, 0xff, 0xfa, 0x0,
    0x0, 0x0, 0xff, 0xff, 0xe0, 0x4, 0xff, 0xff,
    0x60, 0x0, 0x0, 0xb, 0xff, 0xff, 0x10, 0x8f,
    0xff, 0xf2, 0x0, 0x0, 0x0, 0x7f, 0xff, 0xf5,
    0xb, 0xff, 0xfe, 0x0, 0x0, 0x0, 0x3, 0xff,
    0xff, 0x80, 0xef, 0xff, 0xb0, 0x0, 0x0, 0x0,
    0xf, 0xff, 0xfc, 0x2f, 0xff, 0xf7, 0x0, 0x0,
    0x0, 0x0, 0xcf, 0xff, 0xf5, 0xff, 0xff, 0x30,
    0x0, 0x0, 0x0, 0x8, 0xff, 0xff, 0xdf, 0xff,
    0xf0, 0x0, 0x0, 0x0, 0x0, 0x4f, 0xff, 0xff,
    0xff, 0xfb, 0x0, 0x0, 0x0, 0x0, 0x0, 0xff,
    0xff, 0xff, 0xff, 0x80, 0x0, 0x0, 0x0, 0x0,
    0xc, 0xff, 0xff, 0xff, 0xf4, 0x0, 0x0, 0x0,
    0x0, 0x0, 0x9f, 0xff, 0xff, 0xff, 0x0, 0x0,
    0x0, 0x0, 0x0, 0x5, 0xff, 0xff, 0xff, 0xc0,
    0x0, 0x0, 0x0,

    /* U+0057 "W" */
    0x5f, 0xff, 0xf9, 0x0, 0x0, 0x9, 0xff, 0xff,
    0xf0, 0x0, 0x0, 0x4f, 0xff, 0xfb, 0x2f, 0xff,
    0xfc, 0x0, 0x0, 0xc, 0xff, 0xff, 0xf3, 0x0,
    0x0, 0x6f, 0xff, 0xf8, 0xf, 0xff, 0xfe, 0x0,
    0x0, 0xe, 0xff, 0xff, 0xf6, 0x0, 0x0, 0x8f,
    0xff, 0xf5, 0xd, 0xff, 0xff, 0x10, 0x0, 0x1f,
    0xff, 0xff, 0xf9, 0x0, 0x0, 0xbf, 0xff, 0xf2,
    0xa, 0xff, 0xff, 0x30, 0x0, 0x4f, 0xff, 0xff,
    0xfc, 0x0, 0x0, 0xdf, 0xff, 0xf0, 0x7, 0xff,
    0xff, 0x60, 0x0, 0x7f, 0xff, 0xff, 0xff, 0x0,
    0x0, 0xff, 0xff, 0xc0, 0x4, 0xff, 0xff, 0x80,
    0x0, 0xaf, 0xff, 0xff, 0xff, 0x20, 0x2, 0xff,
    0xff, 0x90, 0x1, 0xff, 0xff, 0xa0, 0x0, 0xdf,
    0xff, 0xff, 0xff, 0x50, 0x4, 0xff, 0xff, 0x60,
    0x0, 0xef, 0xff, 0xd0, 0x0, 0xff, 0xfe, 0xaf,
    0xff, 0x80, 0x6, 0xff, 0xff, 0x30, 0x0, 0xbf,
    0xff, 0xf0, 0x3, 0xff, 0xfc, 0x7f, 0xff, 0xb0,
    0x9, 0xff, 0xff, 0x0, 0x0, 0x8f, 0xff, 0xf2,
    0x6, 0xff, 0xf9, 0x4f, 0xff, 0xd0, 0xb, 0xff,
    0xfd, 0x0, 0x0, 0x6f, 0xff, 0xf4, 0x9, 0xff,
    0xf6, 0x1f, 0xff, 0xf1, 0xd, 0xff, 0xfa, 0x0,
    0x0, 0x3f, 0xff, 0xf7, 0xc, 0xff, 0xf3, 0xe,
    0xff, 0xf3, 0xf, 0xff, 0xf7, 0x0, 0x0, 0xf,
    0xff, 0xf9, 0xe, 0xff, 0xf0, 0xb, 0xff, 0xf6,
    0x2f, 0xff, 0xf5, 0x0, 0x0, 0xd, 0xff, 0xfc,
    0x1f, 0xff, 0xd0, 0x8, 0xff, 0xf9, 0x4f, 0xff,
    0xf2, 0x0, 0x0, 0xa, 0xff, 0xfe, 0x4f, 0xff,
    0xa0, 0x5, 0xff, 0xfc, 0x7f, 0xff, 0xf0, 0x0,
    0x0, 0x7, 0xff, 0xff, 0x8f, 0xff, 0x70, 0x2,
    0xff, 0xff, 0x9f, 0xff, 0xc0, 0x0, 0x0, 0x4,
    0xff, 0xff, 0xff, 0xff, 0x40, 0x0, 0xff, 0xff,
    0xff, 0xff, 0x90, 0x0, 0x0, 0x1, 0xff, 0xff,
    0xff, 0xff, 0x10, 0x0, 0xcf, 0xff, 0xff, 0xff,
    0x60, 0x0, 0x0, 0x0, 0xef, 0xff, 0xff, 0xfe,
    0x0, 0x0, 0x9f, 0xff, 0xff, 0xff, 0x30, 0x0,
    0x0, 0x0, 0xcf, 0xff, 0xff, 0xfb, 0x0, 0x0,
    0x6f, 0xff, 0xff, 0xff, 0x0, 0x0, 0x0, 0x0,
    0x9f, 0xff, 0xff, 0xf8, 0x0, 0x0, 0x3f, 0xff,
    0xff, 0xfd, 0x0, 0x0, 0x0, 0x0, 0x6f, 0xff,
    0xff, 0xf5, 0x0, 0x0, 0xf, 0xff, 0xff, 0xfa,
    0x0, 0x0,

    /* U+0058 "X" */
    0x3f, 0xff, 0xff, 0x40, 0x0, 0x0, 0xe, 0xff,
    0xff, 0x60, 0xbf, 0xff, 0xfb, 0x0, 0x0, 0x6,
    0xff, 0xff, 0xd0, 0x3, 0xff, 0xff, 0xf3, 0x0,
    0x0, 0xef, 0xff, 0xf5, 0x0, 0xb, 0xff, 0xff,
    0xa0, 0x0, 0x5f, 0xff, 0xfd, 0x0, 0x0, 0x3f,
    0xff, 0xff, 0x20, 0xd, 0xff, 0xff, 0x50, 0x0,
    0x0, 0xaf, 0xff, 0xf9, 0x5, 0xff, 0xff, 0xd0,
    0x0, 0x0, 0x2, 0xff, 0xff, 0xf1, 0xcf, 0xff,
    0xf4, 0x0, 0x0, 0x0, 0xa, 0xff, 0xff, 0xcf,
    0xff, 0xfc, 0x0, 0x0, 0x0, 0x0, 0x2f, 0xff,
    0xff, 0xff, 0xff, 0x40, 0x0, 0x0, 0x0, 0x0,
    0xaf, 0xff, 0xff, 0xff, 0xc0, 0x0, 0x0, 0x0,
    0x0, 0x2, 0xff, 0xff, 0xff, 0xf4, 0x0, 0x0,
    0x0, 0x0, 0x0, 0xc, 0xff, 0xff, 0xff, 0x0,
    0x0, 0x0, 0x0, 0x0, 0x3, 0xff, 0xff, 0xff,
    0xf6, 0x0, 0x0, 0x0, 0x0, 0x0, 0xbf, 0xff,
    0xff, 0xff, 0xe0, 0x0, 0x0, 0x0, 0x0, 0x3f,
    0xff, 0xff, 0xff, 0xff, 0x60, 0x0, 0x0, 0x0,
    0xb, 0xff, 0xff, 0x9f, 0xff, 0xfe, 0x0, 0x0,
    0x0, 0x3, 0xff, 0xff, 0xc0, 0xdf, 0xff, 0xf6,
    0x0, 0x0, 0x0, 0xcf, 0xff, 0xf5, 0x6, 0xff,
    0xff, 0xe0, 0x0, 0x0, 0x4f, 0xff, 0xfd, 0x0,
    0xe, 0xff, 0xff, 0x70, 0x0, 0xc, 0xff, 0xff,
    0x60, 0x0, 0x7f, 0xff, 0xfe, 0x0, 0x4, 0xff,
    0xff, 0xe0, 0x0, 0x0, 0xef, 0xff, 0xf7, 0x0,
    0xcf, 0xff, 0xf7, 0x0, 0x0, 0x8, 0xff, 0xff,
    0xe0, 0x5f, 0xff, 0xff, 0x0, 0x0, 0x0, 0x1f,
    0xff, 0xff, 0x70,

    /* U+0059 "Y" */
    0xcf, 0xff, 0xf5, 0x0, 0x0, 0x0, 0x8f, 0xff,
    0xf7, 0x5f, 0xff, 0xfb, 0x0, 0x0, 0x0, 0xdf,
    0xff, 0xf1, 0xe, 0xff, 0xff, 0x10, 0x0, 0x3,
    0xff, 0xff, 0x90, 0x7, 0xff, 0xff, 0x70, 0x0,
    0x9, 0xff, 0xff, 0x30, 0x1, 0xff, 0xff, 0xd0,
    0x0, 0xf, 0xff, 0xfc, 0x0, 0x0, 0xaf, 0xff,
    0xf3, 0x0, 0x5f, 0xff, 0xf5, 0x0, 0x0, 0x3f,
    0xff, 0xf9, 0x0, 0xbf, 0xff, 0xe0, 0x0, 0x0,
    0xd, 0xff, 0xfe, 0x1, 0xff, 0xff, 0x80, 0x0,
    0x0, 0x6, 0xff, 0xff, 0x56, 0xff, 0xff, 0x10,
    0x0, 0x0, 0x0, 0xef, 0xff, 0xbc, 0xff, 0xfa,
    0x0, 0x0, 0x0, 0x0, 0x8f, 0xff, 0xff, 0xff,
    0xf4, 0x0, 0x0, 0x0, 0x0, 0x2f, 0xff, 0xff,
    0xff, 0xd0, 0x0, 0x0, 0x0, 0x0, 0xb, 0xff,
    0xff, 0xff, 0x60, 0x0, 0x0, 0x0, 0x0, 0x4,
    0xff, 0xff, 0xff, 0x0, 0x0, 0x0, 0x0, 0x0,
    0x0, 0xdf, 0xff, 0xf9, 0x0, 0x0, 0x0, 0x0,
    0x0, 0x0, 0xaf, 0xff, 0xf5, 0x0, 0x0, 0x0,
    0x0, 0x0, 0x0, 0xaf, 0xff, 0xf5, 0x0, 0x0,
    0x0, 0x0, 0x0, 0x0, 0xaf, 0xff, 0xf5, 0x0,
    0x0, 0x0, 0x0, 0x0, 0x0, 0xaf, 0xff, 0xf5,
    0x0, 0x0, 0x0, 0x0, 0x0, 0x0, 0xaf, 0xff,
    0xf5, 0x0, 0x0, 0x0, 0x0, 0x0, 0x0, 0xaf,
    0xff, 0xf5, 0x0, 0x0, 0x0, 0x0, 0x0, 0x0,
    0xaf, 0xff, 0xf5, 0x0, 0x0, 0x0, 0x0, 0x0,
    0x0, 0xaf, 0xff, 0xf5, 0x0, 0x0, 0x0,

    /* U+005A "Z" */
    0x8f, 0xff, 0xff, 0xff, 0xff, 0xff, 0xff, 0xd8,
    0xff, 0xff, 0xff, 0xff, 0xff, 0xff, 0xfd, 0x8f,
    0xff, 0xff, 0xff, 0xff, 0xff, 0xff, 0xd8, 0xff,
    0xff, 0xff, 0xff, 0xff, 0xff, 0xfd, 0x13, 0x33,
    0x33, 0x33, 0x7f, 0xff, 0xff, 0x80, 0x0, 0x0,
    0x0, 0xd, 0xff, 0xff, 0xe0, 0x0, 0x0, 0x0,
    0x7, 0xff, 0xff, 0xf5, 0x0, 0x0, 0x0, 0x1,
    0xff, 0xff, 0xfb, 0x0, 0x0, 0x0, 0x0, 0x9f,
    0xff, 0xff, 0x20, 0x0, 0x0, 0x0, 0x3f, 0xff,
    0xff, 0x90, 0x0, 0x0, 0x0, 0xc, 0xff, 0xff,
    0xe1, 0x0, 0x0, 0x0, 0x6, 0xff, 0xff, 0xf6,
    0x0, 0x0, 0x0, 0x0, 0xef, 0xff, 0xfc, 0x0,
    0x0, 0x0, 0x0, 0x9f, 0xff, 0xff, 0x30, 0x0,
    0x0, 0x0, 0x2f, 0xff, 0xff, 0x90, 0x0, 0x0,
    0x0, 0xb, 0xff, 0xff, 0xf1, 0x0, 0x0, 0x0,
    0x5, 0xff, 0xff, 0xf7, 0x0, 0x0, 0x0, 0x0,
    0xef, 0xff, 0xfd, 0x0, 0x0, 0x0, 0x0, 0x8f,
    0xff, 0xff, 0x73, 0x33, 0x33, 0x33, 0x3c, 0xff,
    0xff, 0xff, 0xff, 0xff, 0xff, 0xfe, 0xcf, 0xff,
    0xff, 0xff, 0xff, 0xff, 0xff, 0xec, 0xff, 0xff,
    0xff, 0xff, 0xff, 0xff, 0xfe, 0xcf, 0xff, 0xff,
    0xff, 0xff, 0xff, 0xff, 0xe0,

    /* U+005B "[" */
    0xef, 0xff, 0xff, 0xfb, 0xef, 0xff, 0xff, 0xfb,
    0xef, 0xff, 0xff, 0xfb, 0xef, 0xff, 0x50, 0x0,
    0xef, 0xff, 0x50, 0x0, 0xef, 0xff, 0x50, 0x0,
    0xef, 0xff, 0x50, 0x0, 0xef, 0xff, 0x50, 0x0,
    0xef, 0xff, 0x50, 0x0, 0xef, 0xff, 0x50, 0x0,
    0xef, 0xff, 0x50, 0x0, 0xef, 0xff, 0x50, 0x0,
    0xef, 0xff, 0x50, 0x0, 0xef, 0xff, 0x50, 0x0,
    0xef, 0xff, 0x50, 0x0, 0xef, 0xff, 0x50, 0x0,
    0xef, 0xff, 0x50, 0x0, 0xef, 0xff, 0x50, 0x0,
    0xef, 0xff, 0x50, 0x0, 0xef, 0xff, 0x50, 0x0,
    0xef, 0xff, 0x50, 0x0, 0xef, 0xff, 0x50, 0x0,
    0xef, 0xff, 0x50, 0x0, 0xef, 0xff, 0x50, 0x0,
    0xef, 0xff, 0x50, 0x0, 0xef, 0xff, 0x50, 0x0,
    0xef, 0xff, 0xff, 0xfb, 0xef, 0xff, 0xff, 0xfb,
    0xef, 0xff, 0xff, 0xfb, 0x0, 0x0, 0x0, 0x0,

    /* U+005C "\\" */
    0xdf, 0xff, 0x20, 0x0, 0x0, 0x0, 0x8f, 0xff,
    0x70, 0x0, 0x0, 0x0, 0x3f, 0xff, 0xc0, 0x0,
    0x0, 0x0, 0xe, 0xff, 0xf1, 0x0, 0x0, 0x0,
    0xa, 0xff, 0xf5, 0x0, 0x0, 0x0, 0x5, 0xff,
    0xfa, 0x0, 0x0, 0x0, 0x0, 0xff, 0xff, 0x0,
    0x0, 0x0, 0x0, 0xbf, 0xff, 0x40, 0x0, 0x0,
    0x0, 0x7f, 0xff, 0x90, 0x0, 0x0, 0x0, 0x2f,
    0xff, 0xd0, 0x0, 0x0, 0x0, 0xd, 0xff, 0xf2,
    0x0, 0x0, 0x0, 0x8, 0xff, 0xf7, 0x0, 0x0,
    0x0, 0x3, 0xff, 0xfc, 0x0, 0x0, 0x0, 0x0,
    0xef, 0xff, 0x10, 0x0, 0x0, 0x0, 0xaf, 0xff,
    0x50, 0x0, 0x0, 0x0, 0x5f, 0xff, 0xa0, 0x0,
    0x0, 0x0, 0x1f, 0xff, 0xe0, 0x0, 0x0, 0x0,
    0xc, 0xff, 0xf3, 0x0, 0x0, 0x0, 0x7, 0xff,
    0xf8, 0x0, 0x0, 0x0, 0x2, 0xff, 0xfd, 0x0,
    0x0, 0x0, 0x0, 0xdf, 0xff, 0x20, 0x0, 0x0,
    0x0, 0x9f, 0xff, 0x70, 0x0, 0x0, 0x0, 0x4f,
    0xff, 0xb0, 0x0, 0x0, 0x0, 0xf, 0xff, 0xf0,
    0x0, 0x0, 0x0, 0xa, 0xff, 0xf5, 0x0, 0x0,
    0x0, 0x5, 0xff, 0xfa,

    /* U+005D "]" */
    0xcf, 0xff, 0xff, 0xfd, 0xcf, 0xff, 0xff, 0xfd,
    0xcf, 0xff, 0xff, 0xfd, 0x0, 0x6, 0xff, 0xfd,
    0x0, 0x6, 0xff, 0xfd, 0x0, 0x6, 0xff, 0xfd,
    0x0, 0x6, 0xff, 0xfd, 0x0, 0x6, 0xff, 0xfd,
    0x0, 0x6, 0xff, 0xfd, 0x0, 0x6, 0xff, 0xfd,
    0x0, 0x6, 0xff, 0xfd, 0x0, 0x6, 0xff, 0xfd,
    0x0, 0x6, 0xff, 0xfd, 0x0, 0x6, 0xff, 0xfd,
    0x0, 0x6, 0xff, 0xfd, 0x0, 0x6, 0xff, 0xfd,
    0x0, 0x6, 0xff, 0xfd, 0x0, 0x6, 0xff, 0xfd,
    0x0, 0x6, 0xff, 0xfd, 0x0, 0x6, 0xff, 0xfd,
    0x0, 0x6, 0xff, 0xfd, 0x0, 0x6, 0xff, 0xfd,
    0x0, 0x6, 0xff, 0xfd, 0x0, 0x6, 0xff, 0xfd,
    0x0, 0x6, 0xff, 0xfd, 0x0, 0x6, 0xff, 0xfd,
    0xcf, 0xff, 0xff, 0xfd, 0xcf, 0xff, 0xff, 0xfd,
    0xcf, 0xff, 0xff, 0xfd, 0x0, 0x0, 0x0, 0x0,

    /* U+005E "^" */
    0x0, 0x0, 0x28, 0x88, 0x40, 0x0, 0x0, 0x0,
    0xa, 0xff, 0xfd, 0x0, 0x0, 0x0, 0x1, 0xff,
    0xff, 0xf5, 0x0, 0x0, 0x0, 0x8f, 0xff, 0xff,
    0xc0, 0x0, 0x0, 0xf, 0xff, 0x6f, 0xff, 0x30,
    0x0, 0x7, 0xff, 0xe0, 0xaf, 0xfa, 0x0, 0x0,
    0xef, 0xf8, 0x4, 0xff, 0xf2, 0x0, 0x5f, 0xff,
    0x10, 0xd, 0xff, 0x90, 0xc, 0xff, 0xa0, 0x0,
    0x7f, 0xff, 0x14, 0xff, 0xf4, 0x0, 0x1, 0xff,
    0xf7,

    /* U+005F "_" */
    0xaa, 0xaa, 0xaa, 0xaa, 0xaa, 0xaa, 0xff, 0xff,
    0xff, 0xff, 0xff, 0xff, 0xff, 0xff, 0xff, 0xff,
    0xff, 0xff, 0xff, 0xff, 0xff, 0xff, 0xff, 0xff,

    /* U+0060 "`" */
    0x39, 0x99, 0x91, 0x0, 0xc, 0xff, 0xf8, 0x0,
    0x1, 0xef, 0xff, 0x10, 0x0, 0x4f, 0xff, 0x80,
    0x0, 0x8, 0xff, 0xf1,

    /* U+0061 "a" */
    0x8, 0xbd, 0xef, 0xff, 0xeb, 0x70, 0x0, 0x1f,
    0xff, 0xff, 0xff, 0xff, 0xfd, 0x10, 0x1f, 0xff,
    0xff, 0xff, 0xff, 0xff, 0x90, 0x1f, 0xdd, 0xcc,
    0xdf, 0xff, 0xff, 0xf0, 0x0, 0x0, 0x0, 0x0,
    0xbf, 0xff, 0xf1, 0x0, 0x0, 0x0, 0x0, 0x7f,
    0xff, 0xf3, 0x0, 0x0, 0x0, 0x0, 0x6f, 0xff,
    0xf3, 0x4, 0xbe, 0xff, 0xff, 0xff, 0xff, 0xf3,
    0x3f, 0xff, 0xff, 0xff, 0xff, 0xff, 0xf3, 0xaf,
    0xff, 0xfc, 0xbb, 0xdf, 0xff, 0xf3, 0xdf, 0xff,
    0x90, 0x0, 0x6f, 0xff, 0xf3, 0xff, 0xff, 0x70,
    0x0, 0x7f, 0xff, 0xf3, 0xff, 0xff, 0x90, 0x0,
    0xcf, 0xff, 0xf3, 0xdf, 0xff, 0xfc, 0xbe, 0xff,
    0xff, 0xf3, 0xaf, 0xff, 0xff, 0xff, 0xff, 0xff,
    0xf3, 0x3f, 0xff, 0xff, 0xfe, 0x5f, 0xff, 0xf3,
    0x3, 0xbf, 0xfd, 0x91, 0x3f, 0xff, 0xf3,

    /* U+0062 "b" */
    0x4f, 0xff, 0xf6, 0x0, 0x0, 0x0, 0x0, 0x4,
    0xff, 0xff, 0x60, 0x0, 0x0, 0x0, 0x0, 0x4f,
    0xff, 0xf6, 0x0, 0x0, 0x0, 0x0, 0x4, 0xff,
    0xff, 0x60, 0x0, 0x0, 0x0, 0x0, 0x4f, 0xff,
    0xf6, 0x0, 0x0, 0x0, 0x0, 0x4, 0xff, 0xff,
    0x60, 0x0, 0x0, 0x0, 0x0, 0x4f, 0xff, 0xf6,
    0x0, 0x0, 0x0, 0x0, 0x4, 0xff, 0xff, 0x61,
    0xae, 0xfe, 0xa2, 0x0, 0x4f, 0xff, 0xf7, 0xef,
    0xff, 0xff, 0xe1, 0x4, 0xff, 0xff, 0xff, 0xff,
    0xff, 0xff, 0x90, 0x4f, 0xff, 0xff, 0xff, 0xff,
    0xff, 0xfd, 0x4, 0xff, 0xff, 0xe4, 0x12, 0xdf,
    0xff, 0xf1, 0x4f, 0xff, 0xf9, 0x0, 0x7, 0xff,
    0xff, 0x34, 0xff, 0xff, 0x70, 0x0, 0x5f, 0xff,
    0xf4, 0x4f, 0xff, 0xf6, 0x0, 0x5, 0xff, 0xff,
    0x44, 0xff, 0xff, 0x60, 0x0, 0x5f, 0xff, 0xf5,
    0x4f, 0xff, 0xf6, 0x0, 0x5, 0xff, 0xff, 0x44,
    0xff, 0xff, 0x70, 0x0, 0x5f, 0xff, 0xf4, 0x4f,
    0xff, 0xf9, 0x0, 0x7, 0xff, 0xff, 0x34, 0xff,
    0xff, 0xe3, 0x12, 0xdf, 0xff, 0xf1, 0x4f, 0xff,
    0xff, 0xff, 0xff, 0xff, 0xfe, 0x4, 0xff, 0xff,
    0xff, 0xff, 0xff, 0xff, 0x90, 0x4f, 0xff, 0xf5,
    0xff, 0xff, 0xff, 0xe1, 0x4, 0xff, 0xff, 0x22,
    0xae, 0xfe, 0xa2, 0x0,

    /* U+0063 "c" */
    0x0, 0x29, 0xdf, 0xff, 0xeb, 0x70, 0x3e, 0xff,
    0xff, 0xff, 0xfc, 0xd, 0xff, 0xff, 0xff, 0xff,
    0xc4, 0xff, 0xff, 0xfe, 0xcd, 0xec, 0x7f, 0xff,
    0xf9, 0x0, 0x0, 0x9, 0xff, 0xff, 0x20, 0x0,
    0x0, 0xaf, 0xff, 0xf0, 0x0, 0x0, 0xb, 0xff,
    0xff, 0x0, 0x0, 0x0, 0xbf, 0xff, 0xf0, 0x0,
    0x0, 0xb, 0xff, 0xff, 0x0, 0x0, 0x0, 0xaf,
    0xff, 0xf0, 0x0, 0x0, 0x9, 0xff, 0xff, 0x20,
    0x0, 0x0, 0x7f, 0xff, 0xf8, 0x0, 0x0, 0x4,
    0xff, 0xff, 0xfe, 0xcc, 0xdd, 0xe, 0xff, 0xff,
    0xff, 0xff, 0xe0, 0x3f, 0xff, 0xff, 0xff, 0xfe,
    0x0, 0x29, 0xdf, 0xff, 0xeb, 0x70,

    /* U+0064 "d" */
    0x0, 0x0, 0x0, 0x0, 0xc, 0xff, 0xfd, 0x0,
    0x0, 0x0, 0x0, 0xc, 0xff, 0xfd, 0x0, 0x0,
    0x0, 0x0, 0xc, 0xff, 0xfd, 0x0, 0x0, 0x0,
    0x0, 0xc, 0xff, 0xfd, 0x0, 0x0, 0x0, 0x0,
    0xc, 0xff, 0xfd, 0x0, 0x0, 0x0, 0x0, 0xc,
    0xff, 0xfd, 0x0, 0x0, 0x0, 0x0, 0xc, 0xff,
    0xfd, 0x0, 0x5c, 0xff, 0xc6, 0xc, 0xff, 0xfd,
    0x7, 0xff, 0xff, 0xff, 0x9c, 0xff, 0xfd, 0xf,
    0xff, 0xff, 0xff, 0xff, 0xff, 0xfd, 0x4f, 0xff,
    0xff, 0xff, 0xff, 0xff, 0xfd, 0x7f, 0xff, 0xf8,
    0x11, 0x8f, 0xff, 0xfd, 0x9f, 0xff, 0xf0, 0x0,
    0xf, 0xff, 0xfd, 0xaf, 0xff, 0xf0, 0x0, 0xd,
    0xff, 0xfd, 0xbf, 0xff, 0xe0, 0x0, 0xd, 0xff,
    0xfd, 0xbf, 0xff, 0xe0, 0x0, 0xc, 0xff, 0xfd,
    0xbf, 0xff, 0xe0, 0x0, 0xc, 0xff, 0xfd, 0xaf,
    0xff, 0xf0, 0x0, 0xd, 0xff, 0xfd, 0x9f, 0xff,
    0xf0, 0x0, 0xf, 0xff, 0xfd, 0x7f, 0xff, 0xf8,
    0x11, 0x8f, 0xff, 0xfd, 0x4f, 0xff, 0xff, 0xff,
    0xff, 0xff, 0xfd, 0xf, 0xff, 0xff, 0xff, 0xff,
    0xff, 0xfd, 0x7, 0xff, 0xff, 0xff, 0xdc, 0xff,
    0xfd, 0x0, 0x5c, 0xff, 0xd9, 0x19, 0xff, 0xfd,

    /* U+0065 "e" */
    0x0, 0x18, 0xce, 0xff, 0xed, 0x92, 0x0, 0x4,
    0xff, 0xff, 0xff, 0xff, 0xff, 0x40, 0xe, 0xff,
    0xff, 0xff, 0xff, 0xff, 0xe0, 0x4f, 0xff, 0xfe,
    0xaa, 0xef, 0xff, 0xf3, 0x7f, 0xff, 0xf2, 0x0,
    0x2f, 0xff, 0xf5, 0x9f, 0xff, 0xf0, 0x0, 0xf,
    0xff, 0xf6, 0xaf, 0xff, 0xe0, 0x0, 0xe, 0xff,
    0xf7, 0xbf, 0xff, 0xff, 0xff, 0xff, 0xff, 0xf7,
    0xbf, 0xff, 0xff, 0xff, 0xff, 0xff, 0xf7, 0xbf,
    0xff, 0xfc, 0xcc, 0xcc, 0xcc, 0xc6, 0xaf, 0xff,
    0xe0, 0x0, 0x0, 0x0, 0x0, 0x9f, 0xff, 0xf0,
    0x0, 0x0, 0x0, 0x0, 0x8f, 0xff, 0xf5, 0x0,
    0x0, 0x0, 0x0, 0x5f, 0xff, 0xff, 0xdc, 0xcc,
    0xde, 0xf0, 0xe, 0xff, 0xff, 0xff, 0xff, 0xff,
    0xf0, 0x4, 0xff, 0xff, 0xff, 0xff, 0xff, 0xf0,
    0x0, 0x18, 0xce, 0xff, 0xfe, 0xdb, 0x80,

    /* U+0066 "f" */
    0x0, 0x0, 0x18, 0xce, 0xff, 0xf1, 0x0, 0x1,
    0xef, 0xff, 0xff, 0xf1, 0x0, 0x8, 0xff, 0xff,
    0xff, 0xf1, 0x0, 0xb, 0xff, 0xff, 0xa6, 0x60,
    0x0, 0xd, 0xff, 0xfd, 0x0, 0x0, 0x0, 0xe,
    0xff, 0xfc, 0x0, 0x0, 0x0, 0xe, 0xff, 0xfc,
    0x0, 0x0, 0x6f, 0xff, 0xff, 0xff, 0xff, 0xf1,
    0x6f, 0xff, 0xff, 0xff, 0xff, 0xf1, 0x6f, 0xff,
    0xff, 0xff, 0xff, 0xf1, 0x5c, 0xcf, 0xff, 0xff,
    0xcc, 0xc0, 0x0, 0xe, 0xff, 0xfc, 0x0, 0x0,
    0x0, 0xe, 0xff, 0xfc, 0x0, 0x0, 0x0, 0xe,
    0xff, 0xfc, 0x0, 0x0, 0x0, 0xe, 0xff, 0xfc,
    0x0, 0x0, 0x0, 0xe, 0xff, 0xfc, 0x0, 0x0,
    0x0, 0xe, 0xff, 0xfc, 0x0, 0x0, 0x0, 0xe,
    0xff, 0xfc, 0x0, 0x0, 0x0, 0xe, 0xff, 0xfc,
    0x0, 0x0, 0x0, 0xe, 0xff, 0xfc, 0x0, 0x0,
    0x0, 0xe, 0xff, 0xfc, 0x0, 0x0, 0x0, 0xe,
    0xff, 0xfc, 0x0, 0x0, 0x0, 0xe, 0xff, 0xfc,
    0x0, 0x0, 0x0, 0xe, 0xff, 0xfc, 0x0, 0x0,

    /* U+0067 "g" */
    0x0, 0x5c, 0xef, 0xd7, 0x9, 0xff, 0xfd, 0x7,
    0xff, 0xff, 0xff, 0x9a, 0xff, 0xfd, 0xf, 0xff,
    0xff, 0xff, 0xff, 0xff, 0xfd, 0x4f, 0xff, 0xff,
    0xff, 0xff, 0xff, 0xfd, 0x7f, 0xff, 0xf8, 0x11,
    0x9f, 0xff, 0xfd, 0x9f, 0xff, 0xf0, 0x0, 0xf,
    0xff, 0xfd, 0xaf, 0xff, 0xf0, 0x0, 0xd, 0xff,
    0xfd, 0xbf, 0xff, 0xe0, 0x0, 0xc, 0xff, 0xfd,
    0xbf, 0xff, 0xe0, 0x0, 0xc, 0xff, 0xfd, 0xbf,
    0xff, 0xe0, 0x0, 0xc, 0xff, 0xfd, 0xaf, 0xff,
    0xf0, 0x0, 0xd, 0xff, 0xfd, 0x9f, 0xff, 0xf0,
    0x0, 0xf, 0xff, 0xfd, 0x7f, 0xff, 0xf7, 0x0,
    0x7f, 0xff, 0xfd, 0x4f, 0xff, 0xff, 0xff, 0xff,
    0xff, 0xfd, 0xf, 0xff, 0xff, 0xff, 0xff, 0xff,
    0xfd, 0x7, 0xff, 0xff, 0xff, 0x9c, 0xff, 0xfd,
    0x0, 0x6c, 0xff, 0xd7, 0xd, 0xff, 0xfc, 0x0,
    0x0, 0x0, 0x0, 0xe, 0xff, 0xfb, 0x0, 0x0,
    0x0, 0x0, 0x4f, 0xff, 0xf9, 0x7, 0xcc, 0xcc,
    0xde, 0xff, 0xff, 0xf6, 0x9, 0xff, 0xff, 0xff,
    0xff, 0xff, 0xe1, 0x9, 0xff, 0xff, 0xff, 0xff,
    0xff, 0x40, 0x5, 0xcd, 0xef, 0xff, 0xec, 0x81,
    0x0,

    /* U+0068 "h" */
    0x4f, 0xff, 0xf6, 0x0, 0x0, 0x0, 0x0, 0x4,
    0xff, 0xff, 0x60, 0x0, 0x0, 0x0, 0x0, 0x4f,
    0xff, 0xf6, 0x0, 0x0, 0x0, 0x0, 0x4, 0xff,
    0xff, 0x60, 0x0, 0x0, 0x0, 0x0, 0x4f, 0xff,
    0xf6, 0x0, 0x0, 0x0, 0x0, 0x4, 0xff, 0xff,
    0x60, 0x0, 0x0, 0x0, 0x0, 0x4f, 0xff, 0xf6,
    0x0, 0x0, 0x0, 0x0, 0x4, 0xff, 0xff, 0x61,
    0x9d, 0xfe, 0xb4, 0x0, 0x4f, 0xff, 0xf6, 0xdf,
    0xff, 0xff, 0xf3, 0x4, 0xff, 0xff, 0xef, 0xff,
    0xff, 0xff, 0xa0, 0x4f, 0xff, 0xff, 0xff, 0xff,
    0xff, 0xfd, 0x4, 0xff, 0xff, 0xe3, 0x13, 0xff,
    0xff, 0xf0, 0x4f, 0xff, 0xf8, 0x0, 0xb, 0xff,
    0xff, 0x4, 0xff, 0xff, 0x60, 0x0, 0x9f, 0xff,
    0xf0, 0x4f, 0xff, 0xf6, 0x0, 0x9, 0xff, 0xff,
    0x4, 0xff, 0xff, 0x60, 0x0, 0x9f, 0xff, 0xf0,
    0x4f, 0xff, 0xf6, 0x0, 0x9, 0xff, 0xff, 0x4,
    0xff, 0xff, 0x60, 0x0, 0x9f, 0xff, 0xf0, 0x4f,
    0xff, 0xf6, 0x0, 0x9, 0xff, 0xff, 0x4, 0xff,
    0xff, 0x60, 0x0, 0x9f, 0xff, 0xf0, 0x4f, 0xff,
    0xf6, 0x0, 0x9, 0xff, 0xff, 0x4, 0xff, 0xff,
    0x60, 0x0, 0x9f, 0xff, 0xf0, 0x4f, 0xff, 0xf6,
    0x0, 0x9, 0xff, 0xff, 0x4, 0xff, 0xff, 0x60,
    0x0, 0x9f, 0xff, 0xf0,

    /* U+0069 "i" */
    0x4f, 0xff, 0xf7, 0x4f, 0xff, 0xf7, 0x4f, 0xff,
    0xf7, 0x4f, 0xff, 0xf7, 0x1, 0x11, 0x10, 0x0,
    0x0, 0x0, 0x0, 0x0, 0x0, 0x4f, 0xff, 0xf6,
    0x4f, 0xff, 0xf6, 0x4f, 0xff, 0xf6, 0x4f, 0xff,
    0xf6, 0x4f, 0xff, 0xf6, 0x4f, 0xff, 0xf6, 0x4f,
    0xff, 0xf6, 0x4f, 0xff, 0xf6, 0x4f, 0xff, 0xf6,
    0x4f, 0xff, 0xf6, 0x4f, 0xff, 0xf6, 0x4f, 0xff,
    0xf6, 0x4f, 0xff, 0xf6, 0x4f, 0xff, 0xf6, 0x4f,
    0xff, 0xf6, 0x4f, 0xff, 0xf6, 0x4f, 0xff, 0xf6,

    /* U+006A "j" */
    0x0, 0x4f, 0xff, 0xf7, 0x0, 0x4f, 0xff, 0xf7,
    0x0, 0x4f, 0xff, 0xf7, 0x0, 0x4f, 0xff, 0xf7,
    0x0, 0x1, 0x11, 0x10, 0x0, 0x0, 0x0, 0x0,
    0x0, 0x0, 0x0, 0x0, 0x0, 0x4f, 0xff, 0xf6,
    0x0, 0x4f, 0xff, 0xf6, 0x0, 0x4f, 0xff, 0xf6,
    0x0, 0x4f, 0xff, 0xf6, 0x0, 0x4f, 0xff, 0xf6,
    0x0, 0x4f, 0xff, 0xf6, 0x0, 0x4f, 0xff, 0xf6,
    0x0, 0x4f, 0xff, 0xf6, 0x0, 0x4f, 0xff, 0xf6,
    0x0, 0x4f, 0xff, 0xf6, 0x0, 0x4f, 0xff, 0xf6,
    0x0, 0x4f, 0xff, 0xf6, 0x0, 0x4f, 0xff, 0xf6,
    0x0, 0x4f, 0xff, 0xf6, 0x0, 0x4f, 0xff, 0xf6,
    0x0, 0x4f, 0xff, 0xf6, 0x0, 0x4f, 0xff, 0xf6,
    0x0, 0x4f, 0xff, 0xf6, 0x0, 0x5f, 0xff, 0xf5,
    0x48, 0xef, 0xff, 0xf3, 0x8f, 0xff, 0xff, 0xe0,
    0x8f, 0xff, 0xff, 0x60, 0x8f, 0xfd, 0xa4, 0x0,

    /* U+006B "k" */
    0x4f, 0xff, 0xf6, 0x0, 0x0, 0x0, 0x0, 0x4,
    0xff, 0xff, 0x60, 0x0, 0x0, 0x0, 0x0, 0x4f,
    0xff, 0xf6, 0x0, 0x0, 0x0, 0x0, 0x4, 0xff,
    0xff, 0x60, 0x0, 0x0, 0x0, 0x0, 0x4f, 0xff,
    0xf6, 0x0, 0x0, 0x0, 0x0, 0x4, 0xff, 0xff,
    0x60, 0x0, 0x0, 0x0, 0x0, 0x4f, 0xff, 0xf6,
    0x0, 0x0, 0x0, 0x0, 0x4, 0xff, 0xff, 0x60,
    0x0, 0x6f, 0xff, 0xf7, 0x4f, 0xff, 0xf6, 0x0,
    0xe, 0xff, 0xfe, 0x4, 0xff, 0xff, 0x60, 0x6,
    0xff, 0xff, 0x50, 0x4f, 0xff, 0xf6, 0x0, 0xef,
    0xff, 0xd0, 0x4, 0xff, 0xff, 0x60, 0x6f, 0xff,
    0xf4, 0x0, 0x4f, 0xff, 0xf6, 0xe, 0xff, 0xfb,
    0x0, 0x4, 0xff, 0xff, 0x66, 0xff, 0xff, 0x30,
    0x0, 0x4f, 0xff, 0xff, 0xff, 0xff, 0xa0, 0x0,
    0x4, 0xff, 0xff, 0xff, 0xff, 0xf4, 0x0, 0x0,
    0x4f, 0xff, 0xff, 0xff, 0xff, 0xb0, 0x0, 0x4,
    0xff, 0xff, 0xde, 0xff, 0xff, 0x30, 0x0, 0x4f,
    0xff, 0xf6, 0x4f, 0xff, 0xfc, 0x0, 0x4, 0xff,
    0xff, 0x60, 0xbf, 0xff, 0xf5, 0x0, 0x4f, 0xff,
    0xf6, 0x2, 0xff, 0xff, 0xd0, 0x4, 0xff, 0xff,
    0x60, 0xa, 0xff, 0xff, 0x60, 0x4f, 0xff, 0xf6,
    0x0, 0x1f, 0xff, 0xfe, 0x4, 0xff, 0xff, 0x60,
    0x0, 0x8f, 0xff, 0xf8,

    /* U+006C "l" */
    0x4f, 0xff, 0xf6, 0x4f, 0xff, 0xf6, 0x4f, 0xff,
    0xf6, 0x4f, 0xff, 0xf6, 0x4f, 0xff, 0xf6, 0x4f,
    0xff, 0xf6, 0x4f, 0xff, 0xf6, 0x4f, 0xff, 0xf6,
    0x4f, 0xff, 0xf6, 0x4f, 0xff, 0xf6, 0x4f, 0xff,
    0xf6, 0x4f, 0xff, 0xf6, 0x4f, 0xff, 0xf6, 0x4f,
    0xff, 0xf6, 0x4f, 0xff, 0xf6, 0x4f, 0xff, 0xf6,
    0x4f, 0xff, 0xf6, 0x4f, 0xff, 0xf6, 0x4f, 0xff,
    0xf6, 0x4f, 0xff, 0xf6, 0x4f, 0xff, 0xf6, 0x4f,
    0xff, 0xf6, 0x4f, 0xff, 0xf6, 0x4f, 0xff, 0xf6,

    /* U+006D "m" */
    0x4f, 0xff, 0xf2, 0x19, 0xef, 0xeb, 0x20, 0x8,
    0xdf, 0xeb, 0x30, 0x4, 0xff, 0xff, 0x4e, 0xff,
    0xff, 0xfe, 0x1c, 0xff, 0xff, 0xff, 0x30, 0x4f,
    0xff, 0xfe, 0xff, 0xff, 0xff, 0xfe, 0xff, 0xff,
    0xff, 0xf9, 0x4, 0xff, 0xff, 0xff, 0xff, 0xff,
    0xff, 0xff, 0xff, 0xff, 0xff, 0xd0, 0x4f, 0xff,
    0xfe, 0x31, 0x6f, 0xff, 0xff, 0x51, 0x3f, 0xff,
    0xff, 0x4, 0xff, 0xff, 0x80, 0x0, 0xff, 0xff,
    0xd0, 0x0, 0xbf, 0xff, 0xf0, 0x4f, 0xff, 0xf6,
    0x0, 0xf, 0xff, 0xfb, 0x0, 0xa, 0xff, 0xff,
    0x4, 0xff, 0xff, 0x60, 0x0, 0xef, 0xff, 0xb0,
    0x0, 0x9f, 0xff, 0xf0, 0x4f, 0xff, 0xf6, 0x0,
    0xe, 0xff, 0xfb, 0x0, 0x9, 0xff, 0xff, 0x4,
    0xff, 0xff, 0x60, 0x0, 0xef, 0xff, 0xb0, 0x0,
    0x9f, 0xff, 0xf0, 0x4f, 0xff, 0xf6, 0x0, 0xe,
    0xff, 0xfb, 0x0, 0x9, 0xff, 0xff, 0x4, 0xff,
    0xff, 0x60, 0x0, 0xef, 0xff, 0xb0, 0x0, 0x9f,
    0xff, 0xf0, 0x4f, 0xff, 0xf6, 0x0, 0xe, 0xff,
    0xfb, 0x0, 0x9, 0xff, 0xff, 0x4, 0xff, 0xff,
    0x60, 0x0, 0xef, 0xff, 0xb0, 0x0, 0x9f, 0xff,
    0xf0, 0x4f, 0xff, 0xf6, 0x0, 0xe, 0xff, 0xfb,
    0x0, 0x9, 0xff, 0xff, 0x4, 0xff, 0xff, 0x60,
    0x0, 0xef, 0xff, 0xb0, 0x0, 0x9f, 0xff, 0xf0,
    0x4f, 0xff, 0xf6, 0x0, 0xe, 0xff, 0xfb, 0x0,
    0x9, 0xff, 0xff, 0x0,

    /* U+006E "n" */
    0x4f, 0xff, 0xf2, 0x19, 0xef, 0xeb, 0x40, 0x4,
    0xff, 0xff, 0x5e, 0xff, 0xff, 0xff, 0x30, 0x4f,
    0xff, 0xff, 0xff, 0xff, 0xff, 0xfa, 0x4, 0xff,
    0xff, 0xff, 0xff, 0xff, 0xff, 0xd0, 0x4f, 0xff,
    0xfe, 0x31, 0x3f, 0xff, 0xff, 0x4, 0xff, 0xff,
    0x80, 0x0, 0xbf, 0xff, 0xf0, 0x4f, 0xff, 0xf6,
    0x0, 0x9, 0xff, 0xff, 0x4, 0xff, 0xff, 0x60,
    0x0, 0x9f, 0xff, 0xf0, 0x4f, 0xff, 0xf6, 0x0,
    0x9, 0xff, 0xff, 0x4, 0xff, 0xff, 0x60, 0x0,
    0x9f, 0xff, 0xf0, 0x4f, 0xff, 0xf6, 0x0, 0x9,
    0xff, 0xff, 0x4, 0xff, 0xff, 0x60, 0x0, 0x9f,
    0xff, 0xf0, 0x4f, 0xff, 0xf6, 0x0, 0x9, 0xff,
    0xff, 0x4, 0xff, 0xff, 0x60, 0x0, 0x9f, 0xff,
    0xf0, 0x4f, 0xff, 0xf6, 0x0, 0x9, 0xff, 0xff,
    0x4, 0xff, 0xff, 0x60, 0x0, 0x9f, 0xff, 0xf0,
    0x4f, 0xff, 0xf6, 0x0, 0x9, 0xff, 0xff, 0x0,

    /* U+006F "o" */
    0x0, 0x4a, 0xde, 0xff, 0xfd, 0xb5, 0x0, 0x8,
    0xff, 0xff, 0xff, 0xff, 0xff, 0xb0, 0x2f, 0xff,
    0xff, 0xff, 0xff, 0xff, 0xf5, 0x6f, 0xff, 0xff,
    0xdc, 0xff, 0xff, 0xfa, 0x8f, 0xff, 0xf3, 0x0,
    0x1f, 0xff, 0xfc, 0xaf, 0xff, 0xf0, 0x0, 0xc,
    0xff, 0xfe, 0xaf, 0xff, 0xf0, 0x0, 0xb, 0xff,
    0xfe, 0xbf, 0xff, 0xe0, 0x0, 0xa, 0xff, 0xff,
    0xbf, 0xff, 0xe0, 0x0, 0xa, 0xff, 0xff, 0xbf,
    0xff, 0xe0, 0x0, 0xa, 0xff, 0xff, 0xaf, 0xff,
    0xf0, 0x0, 0xb, 0xff, 0xfe, 0xaf, 0xff, 0xf0,
    0x0, 0xc, 0xff, 0xfd, 0x8f, 0xff, 0xf4, 0x0,
    0x1f, 0xff, 0xfc, 0x6f, 0xff, 0xff, 0xdc, 0xff,
    0xff, 0xfa, 0x2f, 0xff, 0xff, 0xff, 0xff, 0xff,
    0xf5, 0x8, 0xff, 0xff, 0xff, 0xff, 0xff, 0xb0,
    0x0, 0x4a, 0xdf, 0xff, 0xfd, 0xa5, 0x0,

    /* U+0070 "p" */
    0x4f, 0xff, 0xf2, 0x2a, 0xef, 0xea, 0x20, 0x4,
    0xff, 0xff, 0x5e, 0xff, 0xff, 0xfe, 0x10, 0x4f,
    0xff, 0xff, 0xff, 0xff, 0xff, 0xf9, 0x4, 0xff,
    0xff, 0xff, 0xff, 0xff, 0xff, 0xe0, 0x4f, 0xff,
    0xfe, 0x41, 0x2d, 0xff, 0xff, 0x14, 0xff, 0xff,
    0x80, 0x0, 0x7f, 0xff, 0xf3, 0x4f, 0xff, 0xf6,
    0x0, 0x5, 0xff, 0xff, 0x44, 0xff, 0xff, 0x60,
    0x0, 0x5f, 0xff, 0xf4, 0x4f, 0xff, 0xf6, 0x0,
    0x5, 0xff, 0xff, 0x54, 0xff, 0xff, 0x60, 0x0,
    0x5f, 0xff, 0xf4, 0x4f, 0xff, 0xf6, 0x0, 0x5,
    0xff, 0xff, 0x44, 0xff, 0xff, 0x90, 0x0, 0x7f,
    0xff, 0xf3, 0x4f, 0xff, 0xfe, 0x41, 0x2d, 0xff,
    0xff, 0x14, 0xff, 0xff, 0xff, 0xff, 0xff, 0xff,
    0xd0, 0x4f, 0xff, 0xff, 0xff, 0xff, 0xff, 0xf9,
    0x4, 0xff, 0xff, 0x7e, 0xff, 0xff, 0xfe, 0x10,
    0x4f, 0xff, 0xf6, 0x1a, 0xef, 0xea, 0x20, 0x4,
    0xff, 0xff, 0x60, 0x0, 0x0, 0x0, 0x0, 0x4f,
    0xff, 0xf6, 0x0, 0x0, 0x0, 0x0, 0x4, 0xff,
    0xff, 0x60, 0x0, 0x0, 0x0, 0x0, 0x4f, 0xff,
    0xf6, 0x0, 0x0, 0x0, 0x0, 0x4, 0xff, 0xff,
    0x60, 0x0, 0x0, 0x0, 0x0, 0x4f, 0xff, 0xf6,
    0x0, 0x0, 0x0, 0x0, 0x0,

    /* U+0071 "q" */
    0x0, 0x5c, 0xef, 0xd8, 0x9, 0xff, 0xfd, 0x7,
    0xff, 0xff, 0xff, 0xcb, 0xff, 0xfd, 0xf, 0xff,
    0xff, 0xff, 0xff, 0xff, 0xfd, 0x4f, 0xff, 0xff,
    0xff, 0xff, 0xff, 0xfd, 0x7f, 0xff, 0xf8, 0x11,
    0x8f, 0xff, 0xfd, 0x9f, 0xff, 0xf0, 0x0, 0xf,
    0xff, 0xfd, 0xaf, 0xff, 0xf0, 0x0, 0xd, 0xff,
    0xfd, 0xbf, 0xff, 0xe0, 0x0, 0xc, 0xff, 0xfd,
    0xbf, 0xff, 0xe0, 0x0, 0xc, 0xff, 0xfd, 0xbf,
    0xff, 0xe0, 0x0, 0xc, 0xff, 0xfd, 0xaf, 0xff,
    0xf0, 0x0, 0xd, 0xff, 0xfd, 0x9f, 0xff, 0xf0,
    0x0, 0xf, 0xff, 0xfd, 0x7f, 0xff, 0xf8, 0x11,
    0x8f, 0xff, 0xfd, 0x4f, 0xff, 0xff, 0xff, 0xff,
    0xff, 0xfd, 0xf, 0xff, 0xff, 0xff, 0xff, 0xff,
    0xfd, 0x7, 0xff, 0xff, 0xff, 0x8c, 0xff, 0xfd,
    0x0, 0x6c, 0xff, 0xd6, 0xc, 0xff, 0xfd, 0x0,
    0x0, 0x0, 0x0, 0xc, 0xff, 0xfd, 0x0, 0x0,
    0x0, 0x0, 0xc, 0xff, 0xfd, 0x0, 0x0, 0x0,
    0x0, 0xc, 0xff, 0xfd, 0x0, 0x0, 0x0, 0x0,
    0xc, 0xff, 0xfd, 0x0, 0x0, 0x0, 0x0, 0xc,
    0xff, 0xfd, 0x0, 0x0, 0x0, 0x0, 0xc, 0xff,
    0xfd,

    /* U+0072 "r" */
    0x4f, 0xff, 0xf2, 0x7, 0xdf, 0x4, 0xff, 0xff,
    0x3b, 0xff, 0xf0, 0x4f, 0xff, 0xf8, 0xff, 0xff,
    0x4, 0xff, 0xff, 0xff, 0xff, 0xf0, 0x4f, 0xff,
    0xff, 0xff, 0xba, 0x4, 0xff, 0xff, 0xfb, 0x0,
    0x0, 0x4f, 0xff, 0xfe, 0x0, 0x0, 0x4, 0xff,
    0xff, 0xa0, 0x0, 0x0, 0x4f, 0xff, 0xf7, 0x0,
    0x0, 0x4, 0xff, 0xff, 0x60, 0x0, 0x0, 0x4f,
    0xff, 0xf6, 0x0, 0x0, 0x4, 0xff, 0xff, 0x60,
    0x0, 0x0, 0x4f, 0xff, 0xf6, 0x0, 0x0, 0x4,
    0xff, 0xff, 0x60, 0x0, 0x0, 0x4f, 0xff, 0xf6,
    0x0, 0x0, 0x4, 0xff, 0xff, 0x60, 0x0, 0x0,
    0x4f, 0xff, 0xf6, 0x0, 0x0, 0x0,

    /* U+0073 "s" */
    0x0, 0x6b, 0xef, 0xfe, 0xdc, 0x91, 0xc, 0xff,
    0xff, 0xff, 0xff, 0xf2, 0x7f, 0xff, 0xff, 0xff,
    0xff, 0xf2, 0xcf, 0xff, 0xfd, 0xbb, 0xcd, 0xe2,
    0xef, 0xff, 0x90, 0x0, 0x0, 0x0, 0xff, 0xff,
    0x70, 0x0, 0x0, 0x0, 0xef, 0xff, 0xe9, 0x64,
    0x20, 0x0, 0xbf, 0xff, 0xff, 0xff, 0xff, 0x80,
    0x6f, 0xff, 0xff, 0xff, 0xff, 0xf6, 0x7, 0xdf,
    0xff, 0xff, 0xff, 0xfc, 0x0, 0x0, 0x24, 0x6d,
    0xff, 0xfe, 0x0, 0x0, 0x0, 0x6, 0xff, 0xff,
    0x0, 0x0, 0x0, 0x8, 0xff, 0xff, 0x8e, 0xdc,
    0xbb, 0xdf, 0xff, 0xfd, 0x8f, 0xff, 0xff, 0xff,
    0xff, 0xf8, 0x8f, 0xff, 0xff, 0xff, 0xff, 0xd1,
    0x4a, 0xce, 0xef, 0xfe, 0xc8, 0x10,

    /* U+0074 "t" */
    0x0, 0x8, 0x99, 0x97, 0x0, 0x0, 0x0, 0xef,
    0xff, 0xc0, 0x0, 0x0, 0xe, 0xff, 0xfc, 0x0,
    0x0, 0x0, 0xef, 0xff, 0xc0, 0x0, 0x0, 0xe,
    0xff, 0xfc, 0x0, 0x7, 0xff, 0xff, 0xff, 0xff,
    0xfd, 0x7f, 0xff, 0xff, 0xff, 0xff, 0xd7, 0xff,
    0xff, 0xff, 0xff, 0xfd, 0x5c, 0xcf, 0xff, 0xff,
    0xcc, 0xa0, 0x0, 0xef, 0xff, 0xc0, 0x0, 0x0,
    0xe, 0xff, 0xfc, 0x0, 0x0, 0x0, 0xef, 0xff,
    0xc0, 0x0, 0x0, 0xe, 0xff, 0xfc, 0x0, 0x0,
    0x0, 0xef, 0xff, 0xc0, 0x0, 0x0, 0xe, 0xff,
    0xfc, 0x0, 0x0, 0x0, 0xef, 0xff, 0xc0, 0x0,
    0x0, 0xe, 0xff, 0xfc, 0x0, 0x0, 0x0, 0xef,
    0xff, 0xc0, 0x0, 0x0, 0xe, 0xff, 0xfc, 0x0,
    0x0, 0x0, 0xef, 0xff, 0xc0, 0x0, 0x0, 0xe,
    0xff, 0xfc, 0x0, 0x0, 0x0, 0xef, 0xff, 0xc0,
    0x0,

    /* U+0075 "u" */
    0x4f, 0xff, 0xf5, 0x0, 0xa, 0xff, 0xff, 0x4,
    0xff, 0xff, 0x50, 0x0, 0xaf, 0xff, 0xf0, 0x4f,
    0xff, 0xf5, 0x0, 0xa, 0xff, 0xff, 0x4, 0xff,
    0xff, 0x50, 0x0, 0xaf, 0xff, 0xf0, 0x4f, 0xff,
    0xf5, 0x0, 0xa, 0xff, 0xff, 0x4, 0xff, 0xff,
    0x50, 0x0, 0xaf, 0xff, 0xf0, 0x4f, 0xff, 0xf5,
    0x0, 0xa, 0xff, 0xff, 0x4, 0xff, 0xff, 0x50,
    0x0, 0xaf, 0xff, 0xf0, 0x4f, 0xff, 0xf5, 0x0,
    0xa, 0xff, 0xff, 0x4, 0xff, 0xff, 0x50, 0x0,
    0xaf, 0xff, 0xf0, 0x4f, 0xff, 0xf5, 0x0, 0xa,
    0xff, 0xff, 0x4, 0xff, 0xff, 0x70, 0x0, 0xcf,
    0xff, 0xf0, 0x3f, 0xff, 0xfc, 0x21, 0x6f, 0xff,
    0xff, 0x1, 0xff, 0xff, 0xff, 0xff, 0xff, 0xff,
    0xf0, 0xe, 0xff, 0xff, 0xff, 0xff, 0xff, 0xff,
    0x0, 0x6f, 0xff, 0xff, 0xfc, 0x7f, 0xff, 0xf0,
    0x0, 0x6c, 0xff, 0xd8, 0x6, 0xff, 0xff, 0x0,

    /* U+0076 "v" */
    0x7f, 0xff, 0xf3, 0x0, 0x0, 0x9f, 0xff, 0xf0,
    0x3f, 0xff, 0xf6, 0x0, 0x0, 0xcf, 0xff, 0xc0,
    0xf, 0xff, 0xf9, 0x0, 0x0, 0xff, 0xff, 0x80,
    0xb, 0xff, 0xfd, 0x0, 0x2, 0xff, 0xff, 0x40,
    0x7, 0xff, 0xff, 0x0, 0x6, 0xff, 0xff, 0x0,
    0x3, 0xff, 0xff, 0x30, 0x9, 0xff, 0xfc, 0x0,
    0x0, 0xff, 0xff, 0x70, 0xc, 0xff, 0xf8, 0x0,
    0x0, 0xcf, 0xff, 0xa0, 0xf, 0xff, 0xf4, 0x0,
    0x0, 0x8f, 0xff, 0xd0, 0x3f, 0xff, 0xf1, 0x0,
    0x0, 0x4f, 0xff, 0xf1, 0x6f, 0xff, 0xc0, 0x0,
    0x0, 0xf, 0xff, 0xf4, 0x9f, 0xff, 0x80, 0x0,
    0x0, 0xc, 0xff, 0xf7, 0xdf, 0xff, 0x40, 0x0,
    0x0, 0x8, 0xff, 0xfd, 0xff, 0xff, 0x10, 0x0,
    0x0, 0x4, 0xff, 0xff, 0xff, 0xfc, 0x0, 0x0,
    0x0, 0x0, 0xff, 0xff, 0xff, 0xf8, 0x0, 0x0,
    0x0, 0x0, 0xcf, 0xff, 0xff, 0xf4, 0x0, 0x0,
    0x0, 0x0, 0x8f, 0xff, 0xff, 0xf1, 0x0, 0x0,

    /* U+0077 "w" */
    0x6f, 0xff, 0xf3, 0x0, 0x4, 0xff, 0xff, 0x40,
    0x0, 0x2f, 0xff, 0xf4, 0x2f, 0xff, 0xf5, 0x0,
    0x7, 0xff, 0xff, 0x80, 0x0, 0x5f, 0xff, 0xf1,
    0xf, 0xff, 0xf8, 0x0, 0xb, 0xff, 0xff, 0xb0,
    0x0, 0x7f, 0xff, 0xd0, 0xc, 0xff, 0xfb, 0x0,
    0xe, 0xff, 0xff, 0xf0, 0x0, 0xaf, 0xff, 0xa0,
    0x8, 0xff, 0xfd, 0x0, 0x1f, 0xff, 0xff, 0xf2,
    0x0, 0xcf, 0xff, 0x70, 0x5, 0xff, 0xff, 0x0,
    0x5f, 0xff, 0xff, 0xf6, 0x0, 0xff, 0xff, 0x30,
    0x1, 0xff, 0xff, 0x30, 0x8f, 0xff, 0xff, 0xf9,
    0x2, 0xff, 0xff, 0x0, 0x0, 0xef, 0xff, 0x50,
    0xbf, 0xff, 0xff, 0xfc, 0x4, 0xff, 0xfc, 0x0,
    0x0, 0xbf, 0xff, 0x80, 0xff, 0xfa, 0xbf, 0xff,
    0x7, 0xff, 0xf9, 0x0, 0x0, 0x7f, 0xff, 0xb2,
    0xff, 0xf7, 0x8f, 0xff, 0x3a, 0xff, 0xf6, 0x0,
    0x0, 0x4f, 0xff, 0xd5, 0xff, 0xf3, 0x4f, 0xff,
    0x7c, 0xff, 0xf2, 0x0, 0x0, 0x1f, 0xff, 0xfa,
    0xff, 0xf0, 0x1f, 0xff, 0xbf, 0xff, 0xf0, 0x0,
    0x0, 0xd, 0xff, 0xff, 0xff, 0xc0, 0xd, 0xff,
    0xff, 0xff, 0xc0, 0x0, 0x0, 0xa, 0xff, 0xff,
    0xff, 0x90, 0xa, 0xff, 0xff, 0xff, 0x80, 0x0,
    0x0, 0x6, 0xff, 0xff, 0xff, 0x60, 0x7, 0xff,
    0xff, 0xff, 0x50, 0x0, 0x0, 0x3, 0xff, 0xff,
    0xff, 0x20, 0x3, 0xff, 0xff, 0xff, 0x20, 0x0,
    0x0, 0x0, 0xff, 0xff, 0xff, 0x0, 0x0, 0xff,
    0xff, 0xfe, 0x0, 0x0,

    /* U+0078 "x" */
    0x3f, 0xff, 0xfc, 0x0, 0x0, 0x8f, 0xff, 0xf3,
    0xa, 0xff, 0xff, 0x40, 0x1, 0xff, 0xff, 0xa0,
    0x2, 0xff, 0xff, 0xc0, 0x8, 0xff, 0xff, 0x20,
    0x0, 0x9f, 0xff, 0xf3, 0x1f, 0xff, 0xf9, 0x0,
    0x0, 0x1f, 0xff, 0xfb, 0x8f, 0xff, 0xf1, 0x0,
    0x0, 0x8, 0xff, 0xff, 0xff, 0xff, 0x70, 0x0,
    0x0, 0x0, 0xef, 0xff, 0xff, 0xfe, 0x0, 0x0,
    0x0, 0x0, 0x6f, 0xff, 0xff, 0xf6, 0x0, 0x0,
    0x0, 0x0, 0x1f, 0xff, 0xff, 0xf1, 0x0, 0x0,
    0x0, 0x0, 0x9f, 0xff, 0xff, 0xf9, 0x0, 0x0,
    0x0, 0x2, 0xff, 0xff, 0xff, 0xff, 0x20, 0x0,
    0x0, 0xa, 0xff, 0xfe, 0xff, 0xff, 0xa0, 0x0,
    0x0, 0x3f, 0xff, 0xf5, 0x9f, 0xff, 0xf3, 0x0,
    0x0, 0xbf, 0xff, 0xd0, 0x1f, 0xff, 0xfc, 0x0,
    0x4, 0xff, 0xff, 0x50, 0x9, 0xff, 0xff, 0x40,
    0xd, 0xff, 0xfd, 0x0, 0x2, 0xff, 0xff, 0xd0,
    0x5f, 0xff, 0xf6, 0x0, 0x0, 0x9f, 0xff, 0xf5,

    /* U+0079 "y" */
    0x4f, 0xff, 0xf5, 0x0, 0xa, 0xff, 0xff, 0x4,
    0xff, 0xff, 0x50, 0x0, 0xaf, 0xff, 0xf0, 0x4f,
    0xff, 0xf5, 0x0, 0xa, 0xff, 0xff, 0x4, 0xff,
    0xff, 0x50, 0x0, 0xaf, 0xff, 0xf0, 0x4f, 0xff,
    0xf5, 0x0, 0xa, 0xff, 0xff, 0x4, 0xff, 0xff,
    0x50, 0x0, 0xaf, 0xff, 0xf0, 0x4f, 0xff, 0xf5,
    0x0, 0xa, 0xff, 0xff, 0x4, 0xff, 0xff, 0x50,
    0x0, 0xaf, 0xff, 0xf0, 0x4f, 0xff, 0xf5, 0x0,
    0xa, 0xff, 0xff, 0x4, 0xff, 0xff, 0x50, 0x0,
    0xaf, 0xff, 0xf0, 0x4f, 0xff, 0xf5, 0x0, 0xa,
    0xff, 0xff, 0x4, 0xff, 0xff, 0x70, 0x0, 0xcf,
    0xff, 0xf0, 0x3f, 0xff, 0xfc, 0x21, 0x5f, 0xff,
    0xff, 0x1, 0xff, 0xff, 0xff, 0xff, 0xff, 0xff,
    0xf0, 0xd, 0xff, 0xff, 0xff, 0xff, 0xff, 0xff,
    0x0, 0x5f, 0xff, 0xff, 0xfa, 0xaf, 0xff, 0xf0,
    0x0, 0x5c, 0xff, 0xd7, 0xa, 0xff, 0xff, 0x0,
    0x0, 0x0, 0x0, 0x0, 0xbf, 0xff, 0xe0, 0x0,
    0x0, 0x0, 0x0, 0x2e, 0xff, 0xfc, 0x0, 0x3c,
    0xcc, 0xcc, 0xdf, 0xff, 0xff, 0x90, 0x4, 0xff,
    0xff, 0xff, 0xff, 0xff, 0xf3, 0x0, 0x4f, 0xff,
    0xff, 0xff, 0xff, 0xf7, 0x0, 0x2, 0xcd, 0xef,
    0xff, 0xec, 0x93, 0x0, 0x0,

    /* U+007A "z" */
    0x7f, 0xff, 0xff, 0xff, 0xff, 0xff, 0x87, 0xff,
    0xff, 0xff, 0xff, 0xff, 0xf8, 0x7f, 0xff, 0xff,
    0xff, 0xff, 0xff, 0x85, 0xcc, 0xcc, 0xcd, 0xff,
    0xff, 0xf7, 0x0, 0x0, 0x0, 0xaf, 0xff, 0xfd,
    0x0, 0x0, 0x0, 0x5f, 0xff, 0xff, 0x20, 0x0,
    0x0, 0x1e, 0xff, 0xff, 0x70, 0x0, 0x0, 0xa,
    0xff, 0xff, 0xc0, 0x0, 0x0, 0x5, 0xff, 0xff,
    0xf2, 0x0, 0x0, 0x1, 0xff, 0xff, 0xf6, 0x0,
    0x0, 0x0, 0xbf, 0xff, 0xfb, 0x0, 0x0, 0x0,
    0x6f, 0xff, 0xff, 0x10, 0x0, 0x0, 0x2f, 0xff,
    0xff, 0x50, 0x0, 0x0, 0xb, 0xff, 0xff, 0xfc,
    0xcc, 0xcc, 0xc7, 0xcf, 0xff, 0xff, 0xff, 0xff,
    0xff, 0x9c, 0xff, 0xff, 0xff, 0xff, 0xff, 0xf9,
    0xcf, 0xff, 0xff, 0xff, 0xff, 0xff, 0x90,

    /* U+007B "{" */
    0x0, 0x0, 0x0, 0x8f, 0xfc, 0x0, 0x0, 0x0,
    0xbf, 0xff, 0x20, 0x0, 0x0, 0x8f, 0xff, 0x70,
    0x0, 0x0, 0x1f, 0xff, 0xf1, 0x0, 0x0, 0x7,
    0xff, 0xfb, 0x0, 0x0, 0x0, 0xaf, 0xff, 0x90,
    0x0, 0x0, 0xb, 0xff, 0xf9, 0x0, 0x0, 0x0,
    0xbf, 0xff, 0x90, 0x0, 0x0, 0xb, 0xff, 0xf9,
    0x0, 0x0, 0x0, 0xbf, 0xff, 0x90, 0x0, 0x0,
    0xc, 0xff, 0xf7, 0x0, 0x0, 0x0, 0xef, 0xff,
    0x50, 0x0, 0x0, 0x5f, 0xff, 0xe0, 0x0, 0x2,
    0x9f, 0xff, 0xe3, 0x0, 0x0, 0x4f, 0xff, 0x70,
    0x0, 0x0, 0x3, 0xef, 0xff, 0xa0, 0x0, 0x0,
    0x0, 0x9f, 0xff, 0xb0, 0x0, 0x0, 0x0, 0xff,
    0xff, 0x30, 0x0, 0x0, 0xc, 0xff, 0xf7, 0x0,
    0x0, 0x0, 0xbf, 0xff, 0x80, 0x0, 0x0, 0xb,
    0xff, 0xf9, 0x0, 0x0, 0x0, 0xbf, 0xff, 0x90,
    0x0, 0x0, 0xb, 0xff, 0xf9, 0x0, 0x0, 0x0,
    0xaf, 0xff, 0x90, 0x0, 0x0, 0x8, 0xff, 0xfb,
    0x0, 0x0, 0x0, 0x3f, 0xff, 0xe0, 0x0, 0x0,
    0x0, 0xbf, 0xff, 0x50, 0x0, 0x0, 0x1, 0xef,
    0xfd, 0x0, 0x0, 0x0, 0x2, 0xdf, 0xf9, 0x0,
    0x0, 0x0, 0x0, 0x44, 0x40,

    /* U+007C "|" */
    0xcf, 0xff, 0x5c, 0xff, 0xf5, 0xcf, 0xff, 0x5c,
    0xff, 0xf5, 0xcf, 0xff, 0x5c, 0xff, 0xf5, 0xcf,
    0xff, 0x5c, 0xff, 0xf5, 0xcf, 0xff, 0x5c, 0xff,
    0xf5, 0xcf, 0xff, 0x5c, 0xff, 0xf5, 0xcf, 0xff,
    0x5c, 0xff, 0xf5, 0xcf, 0xff, 0x5c, 0xff, 0xf5,
    0xcf, 0xff, 0x5c, 0xff, 0xf5, 0xcf, 0xff, 0x5c,
    0xff, 0xf5, 0xcf, 0xff, 0x5c, 0xff, 0xf5, 0xcf,
    0xff, 0x5c, 0xff, 0xf5, 0xcf, 0xff, 0x5c, 0xff,
    0xf5, 0xcf, 0xff, 0x5c, 0xff, 0xf5, 0xcf, 0xff,
    0x58, 0xaa, 0xa3,

    /* U+007D "}" */
    0x1e, 0xff, 0x70, 0x0, 0x0, 0x0, 0x4f, 0xff,
    0x90, 0x0, 0x0, 0x0, 0xaf, 0xff, 0x50, 0x0,
    0x0, 0x3, 0xff, 0xfe, 0x0, 0x0, 0x0, 0xe,
    0xff, 0xf4, 0x0, 0x0, 0x0, 0xcf, 0xff, 0x70,
    0x0, 0x0, 0xb, 0xff, 0xf8, 0x0, 0x0, 0x0,
    0xbf, 0xff, 0x80, 0x0, 0x0, 0xb, 0xff, 0xf8,
    0x0, 0x0, 0x0, 0xbf, 0xff, 0x80, 0x0, 0x0,
    0xa, 0xff, 0xf9, 0x0, 0x0, 0x0, 0x7f, 0xff,
    0xc0, 0x0, 0x0, 0x1, 0xff, 0xff, 0x30, 0x0,
    0x0, 0x4, 0xff, 0xfe, 0x90, 0x0, 0x0, 0x1,
    0x9f, 0xff, 0x20, 0x0, 0x1, 0xbf, 0xff, 0xe1,
    0x0, 0x0, 0xdf, 0xff, 0x70, 0x0, 0x0, 0x6f,
    0xff, 0xd0, 0x0, 0x0, 0x9, 0xff, 0xfa, 0x0,
    0x0, 0x0, 0xbf, 0xff, 0x80, 0x0, 0x0, 0xb,
    0xff, 0xf8, 0x0, 0x0, 0x0, 0xbf, 0xff, 0x80,
    0x0, 0x0, 0xb, 0xff, 0xf8, 0x0, 0x0, 0x0,
    0xcf, 0xff, 0x80, 0x0, 0x0, 0xd, 0xff, 0xf6,
    0x0, 0x0, 0x1, 0xff, 0xff, 0x10, 0x0, 0x0,
    0x7f, 0xff, 0x80, 0x0, 0x0, 0x1f, 0xff, 0xc0,
    0x0, 0x0, 0xb, 0xff, 0xc1, 0x0, 0x0, 0x1,
    0x44, 0x40, 0x0, 0x0, 0x0,

    /* U+007E "~" */
    0x0, 0x1, 0x0, 0x0, 0x0, 0x68, 0x40, 0x6f,
    0xff, 0xea, 0x63, 0x2f, 0xf9, 0x1f, 0xff, 0xff,
    0xff, 0xff, 0xff, 0x84, 0xff, 0xff, 0xff, 0xff,
    0xff, 0xf5, 0x5f, 0xf4, 0x13, 0x7b, 0xef, 0xe9,
    0x2, 0x88, 0x10, 0x0, 0x0, 0x0, 0x0
};


/*---------------------
 *  GLYPH DESCRIPTION
 *--------------------*/

static const lv_font_fmt_txt_glyph_dsc_t glyph_dsc[] = {
    {.bitmap_index = 0, .adv_w = 0, .box_w = 0, .box_h = 0, .ofs_x = 0, .ofs_y = 0} /* id = 0 reserved */,
    {.bitmap_index = 0, .adv_w = 112, .box_w = 0, .box_h = 0, .ofs_x = 0, .ofs_y = 0},
    {.bitmap_index = 0, .adv_w = 151, .box_w = 6, .box_h = 23, .ofs_x = 2, .ofs_y = 0},
    {.bitmap_index = 69, .adv_w = 220, .box_w = 11, .box_h = 9, .ofs_x = 1, .ofs_y = 14},
    {.bitmap_index = 119, .adv_w = 333, .box_w = 18, .box_h = 23, .ofs_x = 1, .ofs_y = 0},
    {.bitmap_index = 326, .adv_w = 244, .box_w = 13, .box_h = 23, .ofs_x = 1, .ofs_y = 0},
    {.bitmap_index = 476, .adv_w = 412, .box_w = 24, .box_h = 23, .ofs_x = 1, .ofs_y = 0},
    {.bitmap_index = 752, .adv_w = 330, .box_w = 19, .box_h = 23, .ofs_x = 1, .ofs_y = 0},
    {.bitmap_index = 971, .adv_w = 125, .box_w = 6, .box_h = 9, .ofs_x = 1, .ofs_y = 14},
    {.bitmap_index = 998, .adv_w = 165, .box_w = 9, .box_h = 30, .ofs_x = 1, .ofs_y = -6},
    {.bitmap_index = 1133, .adv_w = 165, .box_w = 9, .box_h = 30, .ofs_x = 0, .ofs_y = -6},
    {.bitmap_index = 1268, .adv_w = 220, .box_w = 12, .box_h = 12, .ofs_x = 1, .ofs_y = 11},
    {.bitmap_index = 1340, .adv_w = 260, .box_w = 13, .box_h = 13, .ofs_x = 2, .ofs_y = 2},
    {.bitmap_index = 1425, .adv_w = 139, .box_w = 6, .box_h = 10, .ofs_x = 1, .ofs_y = -5},
    {.bitmap_index = 1455, .adv_w = 173, .box_w = 9, .box_h = 5, .ofs_x = 1, .ofs_y = 7},
    {.bitmap_index = 1478, .adv_w = 139, .box_w = 6, .box_h = 5, .ofs_x = 1, .ofs_y = 0},
    {.bitmap_index = 1493, .adv_w = 189, .box_w = 12, .box_h = 26, .ofs_x = 0, .ofs_y = -2},
    {.bitmap_index = 1649, .adv_w = 294, .box_w = 16, .box_h = 23, .ofs_x = 1, .ofs_y = 0},
    {.bitmap_index = 1833, .adv_w = 181, .box_w = 10, .box_h = 23, .ofs_x = 0, .ofs_y = 0},
    {.bitmap_index = 1948, .adv_w = 274, .box_w = 15, .box_h = 23, .ofs_x = 1, .ofs_y = 0},
    {.bitmap_index = 2121, .adv_w = 269, .box_w = 15, .box_h = 23, .ofs_x = 1, .ofs_y = 0},
    {.bitmap_index = 2294, .adv_w = 289, .box_w = 18, .box_h = 23, .ofs_x = 0, .ofs_y = 0},
    {.bitmap_index = 2501, .adv_w = 278, .box_w = 15, .box_h = 23, .ofs_x = 1, .ofs_y = 0},
    {.bitmap_index = 2674, .adv_w = 293, .box_w = 16, .box_h = 23, .ofs_x = 1, .ofs_y = 0},
    {.bitmap_index = 2858, .adv_w = 256, .box_w = 16, .box_h = 23, .ofs_x = 0, .ofs_y = 0},
    {.bitmap_index = 3042, .adv_w = 301, .box_w = 17, .box_h = 23, .ofs_x = 1, .ofs_y = 0},
    {.bitmap_index = 3238, .adv_w = 293, .box_w = 16, .box_h = 23, .ofs_x = 1, .ofs_y = 0},
    {.bitmap_index = 3422, .adv_w = 139, .box_w = 6, .box_h = 17, .ofs_x = 1, .ofs_y = 0},
    {.bitmap_index = 3473, .adv_w = 139, .box_w = 6, .box_h = 22, .ofs_x = 1, .ofs_y = -5},
    {.bitmap_index = 3539, .adv_w = 261, .box_w = 13, .box_h = 14, .ofs_x = 2, .ofs_y = 1},
    {.bitmap_index = 3630, .adv_w = 260, .box_w = 13, .box_h = 10, .ofs_x = 2, .ofs_y = 3},
    {.bitmap_index = 3695, .adv_w = 261, .box_w = 13, .box_h = 14, .ofs_x = 2, .ofs_y = 1},
    {.bitmap_index = 3786, .adv_w = 233, .box_w = 13, .box_h = 23, .ofs_x = 1, .ofs_y = 0},
    {.bitmap_index = 3936, .adv_w = 423, .box_w = 23, .box_h = 27, .ofs_x = 2, .ofs_y = -4},
    {.bitmap_index = 4247, .adv_w = 308, .box_w = 19, .box_h = 23, .ofs_x = 0, .ofs_y = 0},
    {.bitmap_index = 4466, .adv_w = 301, .box_w = 16, .box_h = 23, .ofs_x = 2, .ofs_y = 0},
    {.bitmap_index = 4650, .adv_w = 251, .box_w = 14, .box_h = 23, .ofs_x = 1, .ofs_y = 0},
    {.bitmap_index = 4811, .adv_w = 305, .box_w = 16, .box_h = 23, .ofs_x = 2, .ofs_y = 0},
    {.bitmap_index = 4995, .adv_w = 268, .box_w = 14, .box_h = 23, .ofs_x = 2, .ofs_y = 0},
    {.bitmap_index = 5156, .adv_w = 251, .box_w = 13, .box_h = 23, .ofs_x = 2, .ofs_y = 0},
    {.bitmap_index = 5306, .adv_w = 298, .box_w = 16, .box_h = 23, .ofs_x = 1, .ofs_y = 0},
    {.bitmap_index = 5490, .adv_w = 318, .box_w = 17, .box_h = 23, .ofs_x = 1, .ofs_y = 0},
    {.bitmap_index = 5686, .adv_w = 144, .box_w = 6, .box_h = 23, .ofs_x = 2, .ofs_y = 0},
    {.bitmap_index = 5755, .adv_w = 181, .box_w = 10, .box_h = 23, .ofs_x = 0, .ofs_y = 0},
    {.bitmap_index = 5870, .adv_w = 304, .box_w = 17, .box_h = 23, .ofs_x = 2, .ofs_y = 0},
    {.bitmap_index = 6066, .adv_w = 239, .box_w = 13, .box_h = 23, .ofs_x = 2, .ofs_y = 0},
    {.bitmap_index = 6216, .adv_w = 412, .box_w = 23, .box_h = 23, .ofs_x = 1, .ofs_y = 0},
    {.bitmap_index = 6481, .adv_w = 319, .box_w = 17, .box_h = 23, .ofs_x = 1, .ofs_y = 0},
    {.bitmap_index = 6677, .adv_w = 313, .box_w = 18, .box_h = 23, .ofs_x = 1, .ofs_y = 0},
    {.bitmap_index = 6884, .adv_w = 290, .box_w = 16, .box_h = 23, .ofs_x = 2, .ofs_y = 0},
    {.bitmap_index = 7068, .adv_w = 312, .box_w = 19, .box_h = 27, .ofs_x = 1, .ofs_y = -4},
    {.bitmap_index = 7325, .adv_w = 303, .box_w = 16, .box_h = 23, .ofs_x = 2, .ofs_y = 0},
    {.bitmap_index = 7509, .adv_w = 275, .box_w = 15, .box_h = 23, .ofs_x = 1, .ofs_y = 0},
    {.bitmap_index = 7682, .adv_w = 260, .box_w = 16, .box_h = 23, .ofs_x = 0, .ofs_y = 0},
    {.bitmap_index = 7866, .adv_w = 308, .box_w = 17, .box_h = 23, .ofs_x = 1, .ofs_y = 0},
    {.bitmap_index = 8062, .adv_w = 295, .box_w = 19, .box_h = 23, .ofs_x = 0, .ofs_y = 0},
    {.bitmap_index = 8281, .adv_w = 446, .box_w = 28, .box_h = 23, .ofs_x = 0, .ofs_y = 0},
    {.bitmap_index = 8603, .adv_w = 306, .box_w = 19, .box_h = 23, .ofs_x = 0, .ofs_y = 0},
    {.bitmap_index = 8822, .adv_w = 284, .box_w = 18, .box_h = 23, .ofs_x = 0, .ofs_y = 0},
    {.bitmap_index = 9029, .adv_w = 273, .box_w = 15, .box_h = 23, .ofs_x = 1, .ofs_y = 0},
    {.bitmap_index = 9202, .adv_w = 175, .box_w = 8, .box_h = 30, .ofs_x = 2, .ofs_y = -6},
    {.bitmap_index = 9322, .adv_w = 189, .box_w = 12, .box_h = 26, .ofs_x = 0, .ofs_y = -2},
    {.bitmap_index = 9478, .adv_w = 175, .box_w = 8, .box_h = 30, .ofs_x = 1, .ofs_y = -6},
    {.bitmap_index = 9598, .adv_w = 211, .box_w = 13, .box_h = 10, .ofs_x = 0, .ofs_y = 15},
    {.bitmap_index = 9663, .adv_w = 191, .box_w = 12, .box_h = 4, .ofs_x = 0, .ofs_y = -6},
    {.bitmap_index = 9687, .adv_w = 123, .box_w = 8, .box_h = 5, .ofs_x = 0, .ofs_y = 20},
    {.bitmap_index = 9707, .adv_w = 255, .box_w = 14, .box_h = 17, .ofs_x = 1, .ofs_y = 0},
    {.bitmap_index = 9826, .adv_w = 265, .box_w = 15, .box_h = 24, .ofs_x = 1, .ofs_y = 0},
    {.bitmap_index = 10006, .adv_w = 207, .box_w = 11, .box_h = 17, .ofs_x = 1, .ofs_y = 0},
    {.bitmap_index = 10100, .adv_w = 265, .box_w = 14, .box_h = 24, .ofs_x = 1, .ofs_y = 0},
    {.bitmap_index = 10268, .adv_w = 253, .box_w = 14, .box_h = 17, .ofs_x = 1, .ofs_y = 0},
    {.bitmap_index = 10387, .adv_w = 188, .box_w = 12, .box_h = 24, .ofs_x = 0, .ofs_y = 0},
    {.bitmap_index = 10531, .adv_w = 265, .box_w = 14, .box_h = 23, .ofs_x = 1, .ofs_y = -6},
    {.bitmap_index = 10692, .adv_w = 268, .box_w = 15, .box_h = 24, .ofs_x = 1, .ofs_y = 0},
    {.bitmap_index = 10872, .adv_w = 131, .box_w = 6, .box_h = 24, .ofs_x = 1, .ofs_y = 0},
    {.bitmap_index = 10944, .adv_w = 131, .box_w = 8, .box_h = 30, .ofs_x = -1, .ofs_y = -6},
    {.bitmap_index = 11064, .adv_w = 258, .box_w = 15, .box_h = 24, .ofs_x = 1, .ofs_y = 0},
    {.bitmap_index = 11244, .adv_w = 131, .box_w = 6, .box_h = 24, .ofs_x = 1, .ofs_y = 0},
    {.bitmap_index = 11316, .adv_w = 396, .box_w = 23, .box_h = 17, .ofs_x = 1, .ofs_y = 0},
    {.bitmap_index = 11512, .adv_w = 268, .box_w = 15, .box_h = 17, .ofs_x = 1, .ofs_y = 0},
    {.bitmap_index = 11640, .adv_w = 260, .box_w = 14, .box_h = 17, .ofs_x = 1, .ofs_y = 0},
    {.bitmap_index = 11759, .adv_w = 265, .box_w = 15, .box_h = 23, .ofs_x = 1, .ofs_y = -6},
    {.bitmap_index = 11932, .adv_w = 266, .box_w = 14, .box_h = 23, .ofs_x = 1, .ofs_y = -6},
    {.bitmap_index = 12093, .adv_w = 186, .box_w = 11, .box_h = 17, .ofs_x = 1, .ofs_y = 0},
    {.bitmap_index = 12187, .adv_w = 224, .box_w = 12, .box_h = 17, .ofs_x = 1, .ofs_y = 0},
    {.bitmap_index = 12289, .adv_w = 183, .box_w = 11, .box_h = 22, .ofs_x = 0, .ofs_y = 0},
    {.bitmap_index = 12410, .adv_w = 268, .box_w = 15, .box_h = 17, .ofs_x = 1, .ofs_y = 0},
    {.bitmap_index = 12538, .adv_w = 249, .box_w = 16, .box_h = 17, .ofs_x = 0, .ofs_y = 0},
    {.bitmap_index = 12674, .adv_w = 382, .box_w = 24, .box_h = 17, .ofs_x = 0, .ofs_y = 0},
    {.bitmap_index = 12878, .adv_w = 256, .box_w = 16, .box_h = 17, .ofs_x = 0, .ofs_y = 0},
    {.bitmap_index = 13014, .adv_w = 268, .box_w = 15, .box_h = 23, .ofs_x = 1, .ofs_y = -6},
    {.bitmap_index = 13187, .adv_w = 237, .box_w = 13, .box_h = 17, .ofs_x = 1, .ofs_y = 0},
    {.bitmap_index = 13298, .adv_w = 174, .box_w = 11, .box_h = 30, .ofs_x = 0, .ofs_y = -6},
    {.bitmap_index = 13463, .adv_w = 137, .box_w = 5, .box_h = 30, .ofs_x = 2, .ofs_y = -6},
    {.bitmap_index = 13538, .adv_w = 174, .box_w = 11, .box_h = 30, .ofs_x = 0, .ofs_y = -6},
    {.bitmap_index = 13703, .adv_w = 245, .box_w = 13, .box_h = 6, .ofs_x = 1, .ofs_y = 7}
};

/*---------------------
 *  CHARACTER MAPPING
 *--------------------*/



/*Collect the unicode lists and glyph_id offsets*/
static const lv_font_fmt_txt_cmap_t cmaps[] =
{
    {
        .range_start = 32, .range_length = 95, .glyph_id_start = 1,
        .unicode_list = NULL, .glyph_id_ofs_list = NULL, .list_length = 0, .type = LV_FONT_FMT_TXT_CMAP_FORMAT0_TINY
    }
};

/*-----------------
 *    KERNING
 *----------------*/


/*Map glyph_ids to kern left classes*/
static const uint8_t kern_left_class_mapping[] =
{
    0, 0, 0, 0, 0, 0, 0, 0,
    0, 1, 0, 0, 0, 2, 3, 2,
    0, 0, 0, 0, 0, 0, 0, 0,
    4, 0, 0, 0, 0, 0, 0, 0,
    0, 0, 5, 6, 0, 6, 7, 8,
    0, 0, 0, 0, 9, 10, 0, 0,
    6, 11, 6, 12, 13, 14, 0, 15,
    15, 16, 17, 0, 0, 0, 0, 0,
    0, 0, 18, 19, 0, 0, 19, 20,
    0, 0, 0, 0, 21, 0, 0, 0,
    19, 19, 0, 22, 23, 20, 0, 24,
    24, 21, 0, 0, 0, 0, 0, 0
};

/*Map glyph_ids to kern right classes*/
static const uint8_t kern_right_class_mapping[] =
{
    0, 1, 0, 0, 0, 0, 0, 0,
    0, 0, 2, 0, 0, 3, 0, 4,
    0, 0, 0, 0, 0, 0, 0, 0,
    5, 0, 0, 0, 0, 0, 0, 0,
    0, 0, 6, 0, 7, 0, 0, 0,
    7, 0, 0, 8, 0, 0, 0, 0,
    7, 0, 7, 0, 9, 10, 0, 11,
    11, 12, 13, 0, 0, 0, 0, 0,
    0, 0, 14, 0, 15, 15, 15, 0,
    15, 0, 0, 16, 0, 0, 17, 17,
    18, 17, 15, 17, 19, 20, 21, 22,
    22, 23, 21, 0, 0, 0, 0, 0
};

/*Kern values between classes*/
static const int8_t kern_class_values[] =
{
    0, 0, 0, 0, 0, 0, -18, 0,
    0, 0, 0, 0, 0, 0, 0, 0,
    0, 0, 0, 0, 0, 0, 0, 0,
    -26, 0, 0, 0, 0, 0, 0, 0,
    0, 0, 0, 0, 0, 0, 0, 0,
    0, 0, 0, 0, 0, 0, 0, 0,
    0, 0, -24, 0, 0, 0, 0, 0,
    0, 0, 0, 0, 0, 0, 0, 0,
    0, 0, 0, 0, 0, 0, 0, -50,
    -50, 0, 0, 0, 0, 0, 0, 0,
    0, 0, 0, 0, 0, 0, 0, 0,
    0, 0, 0, 0, 0, 0, 0, 0,
    0, 0, 0, 0, 0, -20, -17, 0,
    -32, 0, 0, 0, 0, 0, 0, 0,
    0, -8, 0, 0, -18, 0, 0, 0,
    0, 0, 0, 0, 0, -5, -10, -8,
    0, 0, 0, 0, 0, 0, 0, 0,
    0, 0, 0, 0, 0, 0, 0, 0,
    0, 0, 0, 0, 0, 0, 0, 0,
    0, 5, 0, 0, 0, 0, 0, -5,
    0, 0, 0, -26, -26, 0, -23, 0,
    -15, 0, 0, 0, 0, 0, -5, -8,
    0, 0, -8, 0, 0, 0, 0, 0,
    0, 0, 0, 0, 0, 0, -10, 0,
    0, 0, 0, 0, 0, -7, -1, 0,
    0, -13, 0, 0, 0, 0, 0, 0,
    0, 0, 0, 0, 0, 0, 0, 0,
    0, -19, 0, -37, 0, 0, 0, 0,
    0, 0, 0, 0, 0, 0, 0, 0,
    0, 0, 0, -16, 0, -18, 0, 0,
    0, 0, -3, 0, 0, 0, 0, 0,
    0, 0, 0, 0, 0, 0, 0, 0,
    0, 0, 0, 0, 0, 0, 0, -3,
    0, -9, 0, 0, 5, 0, 0, 0,
    0, 0, 0, 0, 0, 0, 0, 0,
    0, 0, 0, 0, 0, 0, 0, 0,
    0, 0, 0, 0, 0, 0, 0, -5,
    0, 0, 0, -8, 0, -36, -36, 0,
    -20, 0, 0, 0, 0, 0, 0, 0,
    0, -15, 0, 0, -15, -15, 0, -10,
    0, 0, 0, 0, 0, 0, 0, -17,
    -5, 0, 0, 0, 0, 0, 0, -10,
    -15, 0, 0, -15, -13, 0, 0, 0,
    0, 0, 0, 0, 0, 0, 0, -10,
    0, 0, 0, 0, 0, 0, -8, -1,
    0, 0, -15, 0, 0, 0, 0, 0,
    -8, 0, -51, -8, 0, -32, -8, 0,
    -8, 0, 0, 0, 0, -26, -4, 0,
    -15, -31, -29, 0, -15, 0, -5, 0,
    0, 0, 0, 0, 0, 0, 0, 0,
    0, 0, 0, 0, 0, 0, 0, 0,
    0, 0, -3, 0, -5, 0, 0, 0,
    0, 0, 0, 0, 0, 0, 0, 0,
    0, 0, 0, 0, 0, 0, 0, 0,
    0, -3, 0, -5, -5, 0, 0, -26,
    -26, 0, 0, 0, 0, 0, 0, 0,
    0, 0, -5, -3, 0, 0, -3, 0,
    0, 0, 0, 0, 0, 0, 0, 0,
    0, 0, 0, 0, 0, 0, 0, 0,
    0, 0, -5, 7, 0, -5, -5, 0,
    0, 0, 0, 0, 0, -31, -31, 0,
    0, 0, 0, 0, 0, 0, 0, 0,
    -5, -3, 0, 0, -3, 0, 4, 0,
    0, 0, 0, 0, 0, 0, 0, 0,
    0, 0, 0, 0, 0, 0, 0, 0,
    0, 0, 0, 0, 0, -3, 0, 0,
    -5, 0, 0, 0, 0, 0, 0, 0,
    0, 0, 0, 0, 0, 0, -5, -5,
    0, 0, -5, 0, 0, 0, 0, 0
};


/*Collect the kern class' data in one place*/
static const lv_font_fmt_txt_kern_classes_t kern_classes =
{
    .class_pair_values   = kern_class_values,
    .left_class_mapping  = kern_left_class_mapping,
    .right_class_mapping = kern_right_class_mapping,
    .left_class_cnt      = 24,
    .right_class_cnt     = 23,
};

/*--------------------
 *  ALL CUSTOM DATA
 *--------------------*/

#if LVGL_VERSION_MAJOR == 8
/*Store all the custom data of the font*/
static  lv_font_fmt_txt_glyph_cache_t cache;
#endif

#if LVGL_VERSION_MAJOR >= 8
static const lv_font_fmt_txt_dsc_t font_dsc = {
#else
static lv_font_fmt_txt_dsc_t font_dsc = {
#endif
    .glyph_bitmap = glyph_bitmap,
    .glyph_dsc = glyph_dsc,
    .cmaps = cmaps,
    .kern_dsc = &kern_classes,
    .kern_scale = 16,
    .cmap_num = 1,
    .bpp = 4,
    .kern_classes = 1,
    .bitmap_format = 0,
#if LVGL_VERSION_MAJOR == 8
    .cache = &cache
#endif
};



/*-----------------
 *  PUBLIC FONT
 *----------------*/

/*Initialize a public general font descriptor*/
#if LVGL_VERSION_MAJOR >= 8
const lv_font_t font_wide_32 = {
#else
lv_font_t font_wide_32 = {
#endif
    .get_glyph_dsc = lv_font_get_glyph_dsc_fmt_txt,    /*Function pointer to get glyph's data*/
    .get_glyph_bitmap = lv_font_get_bitmap_fmt_txt,    /*Function pointer to get glyph's bitmap*/
    .line_height = 31,          /*The maximum line height required by the font*/
    .base_line = 6,             /*Baseline measured from the bottom of the line*/
#if !(LVGL_VERSION_MAJOR == 6 && LVGL_VERSION_MINOR == 0)
    .subpx = LV_FONT_SUBPX_NONE,
#endif
#if LV_VERSION_CHECK(7, 4, 0) || LVGL_VERSION_MAJOR >= 8
    .underline_position = -2,
    .underline_thickness = 2,
#endif
    .dsc = &font_dsc,          /*The custom font data. Will be accessed by `get_glyph_bitmap/dsc` */
#if LV_VERSION_CHECK(8, 2, 0) || LVGL_VERSION_MAJOR >= 9
    .fallback = NULL,
#endif
    .user_data = NULL,
};



#endif /*#if FONT_WIDE_32*/

